TEAM_ID,TEAM_NAME,TEAM_ABB,SEASON,WINS,VEGAS_WINS,UNDERPERFORMANCE,TANKING,GROUND_TRUTH,BOTTOM8,DELTA_TOP5_MIN_AVG,DELTA_MIN_CONC,DELTA_ROOKIE_MIN_SHARE,DELTA_PM,DELTA_WR,DELTA_DEFLECTIONS,DELTA_CONTESTED_SHOTS,DELTA_LOOSE_BALLS_RECOVERED,DELTA_CHARGES_DRAWN,DELTA_INACTIVE_RATE,TANK_PROB
1610612737,Atlanta Hawks,ATL,2016-17,43,43.5,-0.5,0,0,0,1.3686285553365245,-0.0164580930134689,0.0,-1.228021978021978,-0.1483516483516483,1.2800000000000011,2.0899999999999963,2.079999999999999,0.2400000000000001,0.1417582417582417,0.16673632801453442
1610612738,Boston Celtics,BOS,2016-17,53,52.5,0.5,0,0,0,-2.132099907493064,0.0280453284630392,-0.018779119068039,-0.3943859649122809,-0.0091228070175438,0.2800000000000011,-0.0499999999999971,0.2699999999999996,-0.4,-0.095438596491228,0.039868267559837155
1610612739,Cleveland Cavaliers,CLE,2016-17,51,56.5,-5.5,0,0,0,-0.5743427415809421,-0.0043950115666551,0.0034355402723815,-6.678114478114479,-0.2646464646464647,-2.799999999999999,3.039999999999999,0.8900000000000006,0.32,0.0553535353535353,0.07026434730815057
1610612740,New Orleans Pelicans,NOP,2016-17,34,36.5,-2.5,0,0,0,0.1363620078105398,-0.0728954340059834,0.0084221381918184,3.4203508771929823,0.0364912280701754,-0.5599999999999987,-2.030000000000001,2.1599999999999993,0.02,-0.223298245614035,0.41021217381273606
1610612741,Chicago Bulls,CHI,2016-17,41,39.0,2.0,0,0,0,1.4235347985347993,-0.0475073492297882,0.0239465975273229,3.5866666666666664,0.0287719298245614,-0.2299999999999986,0.3900000000000005,1.96,0.24,0.0522105263157894,0.21293068848698046
1610612742,Dallas Mavericks,DAL,2016-17,33,39.5,-6.5,0,0,0,-1.2369241279193872,-0.0145749720812785,-0.0172829209814658,-2.021978021978022,0.0302197802197802,0.0299999999999993,0.3999999999999986,1.8200000000000005,-0.4199999999999999,-0.1359890109890109,0.2976809123005409
1610612743,Denver Nuggets,DEN,2016-17,40,37.0,3.0,0,0,0,1.3916189327705766,0.0961482851149779,-0.0306710788399136,5.332417582417583,0.1304945054945054,0.33,0.7999999999999972,0.4299999999999997,-0.04,-0.048076923076923,0.011190020665187091
1610612744,Golden State Warriors,GSW,2016-17,67,66.5,0.5,0,0,0,-0.7034685086155683,-0.0919295604539829,-0.0196097464053431,-3.7445054945054945,-0.070054945054945,0.1499999999999985,-3.5200000000000102,2.0600000000000005,-0.06,0.2098901098901099,0.5379640335607305
1610612745,Houston Rockets,HOU,2016-17,55,44.0,11.0,0,0,0,-0.764461090303783,-0.003139805095695,-0.0594366902395896,-2.3232758620689653,-0.0646551724137931,1.7799999999999994,-1.999999999999993,2.0900000000000007,0.2299999999999999,0.0206896551724137,0.049103601845949175
1610612746,Los Angeles Clippers,LAC,2016-17,51,53.5,-2.5,0,0,0,0.9297872340425536,0.0703711854198182,0.0,1.5425824175824174,-0.0096153846153845,-1.7599999999999998,-1.9299999999999995,1.2300000000000004,0.31,-0.0837912087912088,0.04388009025491159
1610612747,Los Angeles Lakers,LAL,2016-17,26,24.5,1.5,0,0,1,4.498755393295717,-0.0398310374927919,0.0685812050240727,-2.057471264367817,-0.035919540229885,1.8900000000000008,0.3699999999999903,1.3000000000000007,-0.08,0.1367816091954023,0.2875032560802962
1610612748,Miami Heat,MIA,2016-17,41,34.5,6.5,0,0,0,-1.9893653516295016,0.0420898177885986,0.013154163538911,6.76,0.2014035087719298,1.1899999999999995,-0.5499999999999972,0.4200000000000008,0.18,-0.136140350877193,0.025862706817591622
1610612749,Milwaukee Bucks,MIL,2016-17,42,34.5,7.5,0,0,0,1.515936820202402,-0.0114212427464346,0.007479820161406,-1.383838383838384,0.1750841750841751,-1.2199999999999989,-3.740000000000002,0.9000000000000004,0.25,0.0742087542087542,0.09487321591623867
1610612750,Minnesota Timberwolves,MIN,2016-17,31,41.5,-10.5,0,0,1,0.722503848897901,-0.0831772517187096,0.0159591820668937,-0.7052631578947369,-0.0259649122807017,1.2599999999999998,1.3599999999999994,1.3499999999999996,-0.07,0.151859649122807,0.6939916271305661
1610612751,Brooklyn Nets,BKN,2016-17,20,21.5,-1.5,0,0,1,-1.3781393997260167,-0.0662398249919874,0.0028848454415851,6.365384615384615,0.2623626373626373,0.3499999999999996,1.2800000000000011,1.6800000000000006,0.13,-0.0491758241758241,0.3771449749371477
1610612752,New York Knicks,NYK,2016-17,31,38.5,-7.5,0,0,1,2.743027888446214,-0.1897889366442584,-0.0378623620198727,-1.7971929824561403,-0.0835087719298245,1.3600000000000012,-0.1799999999999997,1.6000000000000003,0.07,0.2727017543859649,0.8879808784397425
1610612753,Orlando Magic,ORL,2016-17,29,37.5,-8.5,0,0,1,2.9689487345879293,0.0554570537608668,0.050490332981604,0.0445402298850572,-0.028735632183908,3.0299999999999994,-2.4299999999999997,3.120000000000001,-0.0299999999999999,-0.2100574712643678,0.44829192573172844
1610612754,Indiana Pacers,IND,2016-17,42,44.5,-2.5,0,0,0,-0.4157241379310363,0.0597533238209501,0.0351699739796446,2.272280701754386,0.0112280701754385,-0.129999999999999,-0.3400000000000034,2.92,-0.2099999999999999,-0.0842105263157894,0.1431855886084017
1610612755,Philadelphia 76ers,PHI,2016-17,28,23.5,4.5,1,1,1,3.433402525514616,-0.1152197209738075,0.0594022193055721,-0.2774725274725282,-0.1057692307692307,-0.8099999999999987,2.4100000000000037,2.6500000000000004,-0.26,0.1554945054945055,0.39558613684035765
1610612756,Phoenix Suns,PHX,2016-17,24,29.5,-5.5,0,0,1,1.3667299778410893,-0.185996971378801,0.0527854990517894,-0.5838596491228074,-0.0757894736842105,0.0999999999999996,3.770000000000003,0.4199999999999999,-0.12,0.2286315789473684,0.7223384481657883
1610612757,Portland Trail Blazers,POR,2016-17,41,45.5,-4.5,0,0,0,0.1904761904761933,-0.0135702364354053,0.004111176741279,7.188186813186814,0.2815934065934066,-0.9400000000000012,1.0600000000000025,1.739999999999999,-0.1999999999999999,-0.023076923076923,0.2790997005514642
1610612758,Sacramento Kings,SAC,2016-17,32,33.5,-1.5,0,0,1,-0.4817139001349524,-0.218202129992105,0.082584513314347,-3.800701754385965,-0.1010526315789473,-3.859999999999999,2.1799999999999997,1.5600000000000005,-0.37,0.2799999999999999,0.7962479148671299
1610612759,San Antonio Spurs,SAS,2016-17,61,57.5,3.5,0,0,0,-1.3676051882315718,-0.0289628597974497,0.0008268395373861,-3.664835164835165,-0.0755494505494506,-0.9500000000000012,0.6099999999999994,0.8899999999999997,-0.1,-0.0098901098901098,0.07269395956316761
1610612760,Oklahoma City Thunder,OKC,2016-17,47,45.0,2.0,0,0,0,-2.680244664237378,-0.0442462648947806,0.00350449313628,2.825263157894737,0.0385964912280701,0.620000000000001,0.4799999999999897,0.5,-0.18,-0.135578947368421,0.10261569950600194
1610612761,Toronto Raptors,TOR,2016-17,51,50.5,0.5,0,0,0,-2.862497572344143,-0.0903397758549094,0.082073015076292,0.2196491228070174,0.1410526315789473,-0.2699999999999996,0.8999999999999986,1.2199999999999998,0.1,-0.1880701754385965,0.39014107595686404
1610612762,Utah Jazz,UTA,2016-17,51,47.5,3.5,0,0,0,0.8400816070307577,0.0373102754599056,-0.0506478984593703,-1.983859649122807,0.0259649122807017,-0.370000000000001,1.740000000000002,1.1000000000000003,-0.15,-0.0359298245614035,0.026474275040192993
1610612763,Memphis Grizzlies,MEM,2016-17,43,42.5,0.5,0,0,0,-1.1219618055555571,-0.0210167802514329,-0.036199093662031,-2.751436781609195,-0.2112068965517241,-2.5799999999999983,0.4500000000000028,1.2800000000000002,-0.01,-0.0172413793103448,0.05285767086565054
1610612764,Washington Wizards,WAS,2016-17,49,42.5,6.5,0,0,0,-3.3780988050651004,0.0022562853790721,0.0038918308680965,-3.022222222222222,-0.0626262626262625,0.0500000000000007,0.9000000000000057,1.9700000000000009,-0.21,0.0375757575757575,0.06427222851613039
1610612765,Detroit Pistons,DET,2016-17,37,44.5,-7.5,0,0,0,-1.9917358217692256,-0.041256430936958,0.0194690886307866,-2.24140350877193,-0.0736842105263157,-1.2800000000000011,4.509999999999998,1.1799999999999995,0.06,-0.0022456140350877,0.2215514254172647
1610612766,Charlotte Hornets,CHA,2016-17,36,42.5,-6.5,0,0,0,0.7251258226867989,-0.0017673707363569,0.0245266655524873,-0.173076923076923,0.032967032967033,1.6500000000000004,-1.0200000000000102,1.63,-0.39,-0.0461538461538461,0.38476739504832425
1610612737,Atlanta Hawks,ATL,2017-18,24,25.5,-1.5,0,0,1,1.3598224195338524,-0.1982748079027321,-0.0750319814429232,-4.690493736182756,-0.0442151805453205,-1.3699999999999992,3.730000000000004,1.209999999999999,-0.6400000000000001,0.159174649963154,0.5749946229747601
1610612738,Boston Celtics,BOS,2017-18,55,53.5,1.5,0,0,0,-2.9458646616541344,-0.2087030978284764,-0.0271037097620061,0.2741341193809874,-0.0257921886514369,-0.1400000000000005,-2.3400000000000034,0.7699999999999996,-0.2300000000000001,0.2929992630803242,0.7253019941332035
1610612739,Cleveland Cavaliers,CLE,2017-18,50,53.5,-3.5,0,0,0,-1.1025956013473357,-0.0324274454782331,-0.0057171442864289,2.3420329670329667,0.0082417582417583,0.4499999999999993,0.3800000000000025,0.29,-0.29,-0.1958791208791208,0.13007001049264327
1610612740,New Orleans Pelicans,NOP,2017-18,48,39.5,8.5,0,0,0,-1.696045293222916,-0.1389884354749079,0.0409029960991533,3.7621052631578946,0.136140350877193,-0.129999999999999,2.8699999999999974,-0.1699999999999999,-0.6599999999999999,-0.0040701754385964,0.15035867365489602
1610612741,Chicago Bulls,CHI,2017-18,27,22.0,5.0,0,0,1,-3.5739849438479574,-0.1522255892173142,-0.0564736580273483,-3.7452631578947377,-0.0708771929824561,1.8599999999999992,-6.649999999999999,2.0999999999999996,-0.13,0.1764210526315789,0.7059145264775307
1610612742,Dallas Mavericks,DAL,2017-18,24,35.5,-11.5,1,1,1,-2.0986410871302965,-0.1573161129586199,0.0392878829312619,-2.2456896551724137,-0.0603448275862069,1.0099999999999998,2.460000000000001,0.9799999999999986,-0.26,0.2086206896551724,0.8695043530974048
1610612743,Denver Nuggets,DEN,2017-18,46,45.5,0.5,0,0,0,2.5260889057488676,0.0111412109327717,-0.0104908369041566,1.5071839080459768,0.0316091954022988,0.3000000000000007,-0.75,2.3500000000000005,-0.03,0.0428160919540229,0.1598472032253918
1610612744,Golden State Warriors,GSW,2017-18,58,67.5,-9.5,0,0,0,-0.8002399207218467,-0.1761359572042228,0.0865023263244866,-7.270114942528736,-0.175287356321839,-0.3099999999999987,-1.0800000000000125,-0.0700000000000002,-0.11,0.2169540229885057,0.8587785246735345
1610612745,Houston Rockets,HOU,2017-18,65,55.5,9.5,0,0,0,-1.2759142203435871,0.0026375044762287,0.0036721749290602,-0.7992982456140343,0.0680701754385965,0.0,1.8200000000000005,1.58,-0.13,-0.0103859649122807,0.03826632955618112
1610612746,Los Angeles Clippers,LAC,2017-18,42,43.5,-1.5,0,0,0,0.549964054636952,0.0786284125004298,0.0,-2.756868131868132,-0.0741758241758241,-0.6500000000000004,0.75,0.8000000000000007,-0.26,-0.2035714285714285,0.02299290857996505
1610612747,Los Angeles Lakers,LAL,2017-18,35,33.5,1.5,0,0,0,1.520708697653017,-0.1191906633501178,-0.0391403068530399,4.5873684210526315,0.0764912280701754,-2.51,-2.049999999999997,0.4399999999999995,-0.02,0.0352280701754385,0.22727225398256087
1610612748,Miami Heat,MIA,2017-18,44,43.5,0.5,0,0,0,-1.6391424619640418,-0.0371875973220843,0.0390581329056369,4.688218390804598,0.0660919540229885,4.369999999999999,2.539999999999992,1.58,0.04,0.0810344827586206,0.30448902393615024
1610612749,Milwaukee Bucks,MIL,2017-18,44,47.5,-3.5,0,0,0,-1.4189899314051928,-0.1187929920247983,-0.1422466289259772,-0.8849122807017544,-0.0814035087719298,1.3800000000000008,1.25,-0.6699999999999999,-0.1599999999999999,0.1152280701754386,0.18025281971525212
1610612750,Minnesota Timberwolves,MIN,2017-18,47,48.5,-1.5,0,0,0,-0.6200909961685852,-0.0926262403377676,-0.0076222201695727,-2.743950039032006,-0.0663544106167056,-0.8300000000000001,3.030000000000001,-0.7299999999999986,-0.37,0.1156908665105386,0.13229129105573192
1610612751,Brooklyn Nets,BKN,2017-18,28,27.5,0.5,0,0,1,-0.254606610119918,-0.0022311546693045,-0.0044610149445409,1.819454679439941,0.0692704495210022,-0.2200000000000006,-1.6699999999999875,2.5500000000000007,-0.5399999999999999,-0.0128224023581429,0.22505098742400656
1610612752,New York Knicks,NYK,2017-18,29,30.5,-1.5,0,0,0,-3.2792295258620676,-0.2873198817830059,0.0227262500935409,-3.9941046425939577,-0.128960943257185,-0.379999999999999,-0.1000000000000014,-0.08,-0.18,0.363448784082535,0.8901627743232875
1610612753,Orlando Magic,ORL,2017-18,25,33.5,-8.5,0,0,1,-0.7276923076923083,-0.1699676482347472,0.0,-1.9894736842105267,-0.0357894736842104,0.5899999999999999,-1.3600000000000063,0.9999999999999992,-0.07,0.1817543859649122,0.8670233529136034
1610612754,Indiana Pacers,IND,2017-18,48,31.5,16.5,0,0,0,-1.3350557137333467,0.0031870098629493,-0.0334198836929807,0.2313218390804599,0.0560344827586206,1.2300000000000004,-0.5399999999999991,1.3000000000000007,0.02,-0.0083333333333333,0.016310934075127185
1610612755,Philadelphia 76ers,PHI,2017-18,52,39.5,12.5,0,0,0,-3.382407679498481,0.0229047352965746,-0.0662877207292544,7.647811447811447,0.2693602693602693,-1.1500000000000004,-0.0300000000000011,1.129999999999999,0.34,-0.0056565656565656,0.012483925591995971
1610612756,Phoenix Suns,PHX,2017-18,21,28.5,-7.5,0,0,1,3.420152091254753,-0.0940941161610444,0.0347540168359356,-1.4856300663227715,-0.1746499631540162,1.5599999999999987,-0.1499999999999985,0.2599999999999989,-0.04,0.0675018422991893,0.49249795044598094
1610612757,Portland Trail Blazers,POR,2017-18,49,42.5,6.5,0,0,0,-0.2139266610813948,0.0328951864383613,-0.0017476689611633,5.281609195402298,0.1566091954022989,0.7700000000000014,0.5300000000000011,0.6899999999999995,-0.09,-0.0764367816091954,0.027027453613358267
1610612758,Sacramento Kings,SAC,2017-18,27,27.5,-0.5,0,0,1,2.4393203883495147,-0.0614226236055141,0.0476686921944392,3.435087719298245,0.0442105263157894,-1.3800000000000008,0.3799999999999954,0.1600000000000001,0.05,0.0882807017543859,0.17072765702946804
1610612759,San Antonio Spurs,SAS,2017-18,47,55.0,-8.0,0,0,0,-0.6448439620081388,0.0091845126338585,-0.0176623284502405,-0.6934414148857777,-0.0714812085482682,-0.4399999999999995,1.7700000000000031,1.450000000000001,-0.1999999999999999,-0.0480471628592483,0.16210228365360602
1610612760,Oklahoma City Thunder,OKC,2017-18,48,53.5,-5.5,0,0,0,1.4849024597116198,-0.0230281999097093,-0.0052711137375188,0.0280029476787033,0.0928518791451732,-1.7699999999999996,1.3299999999999983,0.9900000000000002,0.0199999999999999,0.105526897568165,0.21728177405379034
1610612761,Toronto Raptors,TOR,2017-18,59,48.5,10.5,0,0,0,-0.5637335393927678,0.0154808914607037,0.0072764728330006,-2.331228070175438,0.0007017543859648,-2.4800000000000004,0.3799999999999954,0.4700000000000006,-0.0799999999999999,-0.0362105263157894,0.01215497938905479
1610612762,Utah Jazz,UTA,2017-18,48,40.5,7.5,0,0,0,1.9583417457433183,0.0830026922638985,0.0067664939443401,8.522988505747128,0.2327586206896551,-1.120000000000001,3.8100000000000094,0.8400000000000007,0.16,-0.0991379310344827,0.006594163978500676
1610612763,Memphis Grizzlies,MEM,2017-18,22,37.5,-15.5,0,0,1,1.5774485596707812,-0.1938190181081781,0.0031129524248861,-7.862637362637362,-0.1675824175824176,0.4199999999999999,-3.640000000000001,1.3800000000000008,0.02,0.2909340659340659,0.974054053309209
1610612764,Washington Wizards,WAS,2017-18,43,48.5,-5.5,0,0,0,-0.2728758169934622,-0.0433026553203436,0.0607230597085795,-4.294736842105263,-0.1789473684210526,-0.8399999999999999,-0.5,0.2099999999999999,0.17,0.0682105263157894,0.23663708210422132
1610612765,Detroit Pistons,DET,2017-18,39,38.5,0.5,0,0,0,0.3953431967014289,0.0056627984627687,0.0103035713654763,-0.1347368421052631,-0.0512280701754385,-0.6500000000000004,2.8399999999999963,-0.8199999999999994,-0.12,-0.1108771929824561,0.020745078686545387
1610612766,Charlotte Hornets,CHA,2017-18,36,42.5,-6.5,0,0,0,-2.378770112696241,-0.0225455366981874,0.0186522224241107,2.8540350877192986,0.0589473684210526,0.0299999999999993,3.4599999999999937,0.5800000000000001,-0.28,-0.0467368421052631,0.1762777424147468
1610612737,Atlanta Hawks,ATL,2018-19,29,23.5,5.5,0,0,1,1.6178234050813105,-0.0343216251527264,0.0010311794662878,5.218390804597702,0.0890804597701149,-0.5899999999999999,-1.3999999999999986,-1.83,-0.1899999999999999,0.0158045977011494,0.024873333412591604
1610612738,Boston Celtics,BOS,2018-19,49,59.0,-10.0,0,0,0,1.080780543797978,0.0099414266078866,-0.0149945900792091,-6.747126436781609,-0.1379310344827586,-0.33,-4.969999999999999,-1.6400000000000006,0.29,0.0235632183908045,0.126022447696699
1610612739,Cleveland Cavaliers,CLE,2018-19,19,30.5,-11.5,0,0,1,0.8782051282051277,-0.0222450715091858,0.0140422730929569,3.1594827586206904,0.0847701149425287,0.200000000000001,-5.670000000000002,-0.75,0.38,-0.0827586206896551,0.3738022682339756
1610612740,New Orleans Pelicans,NOP,2018-19,33,45.5,-12.5,0,0,1,-2.8254994124559367,-0.1901979627819599,0.0,-7.518791451731761,-0.1363301400147383,-0.92,-2.940000000000005,-0.620000000000001,0.3399999999999999,0.1525423728813559,0.8561723649404818
1610612741,Chicago Bulls,CHI,2018-19,22,30.0,-8.0,0,0,1,1.5969991173874654,-0.2016135267365026,0.0461251685950484,0.1149425287356322,0.0919540229885057,-2.860000000000001,-3.289999999999999,-0.96,0.12,0.1106321839080459,0.803460696502791
1610612742,Dallas Mavericks,DAL,2018-19,33,35.5,-2.5,0,0,1,3.3668803810221632,-0.078978115928916,-0.0205214999181157,-4.084912280701754,-0.1761403508771929,-2.459999999999999,1.0300000000000011,-2.1999999999999993,0.4399999999999999,-0.0485614035087719,0.038469809076878116
1610612743,Denver Nuggets,DEN,2018-19,54,47.5,6.5,0,0,0,-0.5852378260518449,0.1520723845743958,-0.0481545807370425,-3.094736842105263,-0.0842105263157895,0.9600000000000009,-4.030000000000001,-0.7099999999999991,0.12,-0.263719298245614,0.0020606791488791327
1610612744,Golden State Warriors,GSW,2018-19,57,62.5,-5.5,0,0,0,-1.7071144192487466,0.0597084076687867,0.0203768333025176,-2.105263157894737,-0.079298245614035,2.3100000000000005,-6.130000000000003,-1.7400000000000002,0.02,-0.128140350877193,0.058510161088735156
1610612745,Houston Rockets,HOU,2018-19,53,56.5,-3.5,0,0,0,-2.414434311769739,0.0764086313096072,0.0,8.792280701754386,0.2210526315789474,-0.1600000000000001,-3.700000000000003,-1.6800000000000006,0.3299999999999999,-0.1539649122807017,0.021545980182679017
1610612746,Los Angeles Clippers,LAC,2018-19,48,37.0,11.0,0,0,0,-1.0990792150912156,-0.0060065833203975,-0.0079978415715815,1.4119380987472367,0.1532792925571112,0.6799999999999997,-4.690000000000005,-0.7599999999999998,-0.43,-0.1711127487103905,0.025355007395791822
1610612747,Los Angeles Lakers,LAL,2018-19,37,48.5,-11.5,0,0,0,0.4085497835497875,-0.1891117970366389,-0.0737874809803916,-1.7270175438596491,-0.1312280701754385,0.9900000000000002,-0.8800000000000097,-0.7100000000000009,0.39,0.2116491228070176,0.7477286757075021
1610612748,Miami Heat,MIA,2018-19,39,43.0,-4.0,0,0,0,-0.315573770491806,0.0256745165170722,-0.002111116251812,1.184065934065934,0.0357142857142857,1.34,-1.8399999999999963,-1.7700000000000005,0.22,-0.1771978021978021,0.03940637124073204
1610612749,Milwaukee Bucks,MIL,2018-19,60,48.0,12.0,0,0,0,-0.0401820401820387,-0.0383103490689333,0.0242739648067413,-2.9719298245614043,-0.0743859649122806,-1.4800000000000004,-0.5899999999999892,0.0400000000000009,-0.2299999999999999,0.1658947368421052,0.027986997027069742
1610612750,Minnesota Timberwolves,MIN,2018-19,36,41.5,-5.5,0,0,0,-0.9807339449541316,-0.1902309520559213,0.0053858010106631,-5.495438596491228,-0.1136842105263157,-1.6999999999999993,1.3900000000000006,-3.030000000000001,0.0499999999999999,0.2392982456140351,0.31313225689766994
1610612751,Brooklyn Nets,BKN,2018-19,42,32.0,10.0,0,0,0,-0.7353741496598651,0.0706157117583466,-0.0075220284573662,1.249815770081061,0.0132645541635961,0.5,3.879999999999995,-1.4399999999999995,0.1599999999999999,-0.1403095062638172,0.0017099431397311765
1610612752,New York Knicks,NYK,2018-19,17,28.5,-11.5,0,0,1,1.6531914893617028,-0.0264252474846435,-9.669088570063432e-05,-1.7686781609195403,0.0603448275862069,-1.3800000000000008,3.749999999999993,-1.2800000000000002,-0.34,-0.2419540229885057,0.1086717107169156
1610612753,Orlando Magic,ORL,2018-19,42,31.0,11.0,0,0,0,1.0832234983995477,0.0199105301449086,0.0506470015059196,6.268238761974945,0.1945467943994104,-0.0600000000000005,-3.3200000000000003,-0.9399999999999996,0.03,-0.0266764922623434,0.01701916544065865
1610612754,Indiana Pacers,IND,2018-19,48,47.5,0.5,0,0,0,0.9950592885375508,-0.0269642442239729,0.0205181830042461,-6.474137931034483,-0.2385057471264367,-0.6699999999999999,-2.3699999999999974,-1.6099999999999994,-0.3,-0.0160919540229885,0.04130429073591644
1610612755,Philadelphia 76ers,PHI,2018-19,51,53.5,-2.5,0,0,0,0.637731481481481,-0.0288792660923834,-0.0320700161456729,-3.515804597701149,-0.0545977011494253,-0.5899999999999999,-2.8200000000000003,-0.5300000000000002,-0.01,-0.0862068965517241,0.09816649802965913
1610612756,Phoenix Suns,PHX,2018-19,19,29.0,-10.0,0,0,1,3.1332940924657535,-0.1058613156162087,0.0010781749649827,3.0729550478997787,0.16138540899042,0.1800000000000015,3.200000000000003,0.3599999999999994,-0.04,0.1347089167280766,0.604196427168187
1610612757,Portland Trail Blazers,POR,2018-19,53,42.0,11.0,0,0,0,-1.1498879814988818,-0.056632458802289,-0.0143963919295785,3.862456140350877,0.1635087719298246,0.5399999999999991,-8.079999999999998,-0.2799999999999993,0.37,-0.0009824561403508,0.09254007673720817
1610612758,Sacramento Kings,SAC,2018-19,39,26.0,13.0,0,0,0,-0.1605352180741803,0.0525330398050051,0.0073825667981929,0.3480701754385965,-0.1663157894736842,0.7700000000000014,-0.0500000000000042,-2.01,0.2199999999999999,-0.223578947368421,0.0012643804376048897
1610612759,San Antonio Spurs,SAS,2018-19,48,43.5,4.5,0,0,0,-0.5492424242424256,0.0264692872733073,0.025159709079307,2.49521002210759,0.0928518791451732,-0.0199999999999995,0.9500000000000028,-1.1099999999999994,-0.1099999999999999,-0.0789977892409727,0.01542017492994624
1610612760,Oklahoma City Thunder,OKC,2018-19,49,48.5,0.5,0,0,0,1.0814436183395344,0.0360789468835661,0.0538953072975922,-6.045614035087719,-0.1691228070175439,-2.120000000000001,1.3999999999999917,-2.210000000000001,0.13,-0.0161403508771929,0.008557551159679051
1610612761,Toronto Raptors,TOR,2018-19,58,55.5,2.5,0,0,0,-2.8892980694118933,-0.045002983372162,0.0181864646875821,1.6337509211495949,-0.0766396462785555,0.0300000000000011,-2.6599999999999966,-2.5600000000000005,0.25,-0.187177597641857,0.025039345572282535
1610612762,Utah Jazz,UTA,2018-19,50,49.5,0.5,0,0,0,-0.0107341933428877,-0.032198617869063,0.0398452301745486,6.594385964912281,0.1585964912280701,-0.3900000000000005,-1.6199999999999974,-0.2699999999999996,0.02,0.0378947368421052,0.1279452776081919
1610612763,Memphis Grizzlies,MEM,2018-19,33,34.5,-1.5,0,0,1,0.8358208955223887,-0.3806023748497303,0.0775518040767092,2.0994841562269713,0.0449521002210758,0.75,-3.0700000000000003,-2.0299999999999994,-0.42,0.2029476787030213,0.9666183563876608
1610612764,Washington Wizards,WAS,2018-19,32,45.5,-13.5,0,0,1,-0.2754836309523796,-0.151619040851254,0.0595881219143595,0.2155172413793105,-0.0804597701149425,-3.110000000000001,-1.1300000000000026,-0.6400000000000006,-0.32,0.093103448275862,0.7175675271652796
1610612765,Detroit Pistons,DET,2018-19,41,38.5,2.5,0,0,0,-0.5581494057724967,0.0398298880221673,0.0395842996227064,4.017857142857142,0.1126373626373625,-0.1199999999999992,1.5899999999999963,0.08,-0.42,-0.2217032967032967,0.024594507316460557
1610612766,Charlotte Hornets,CHA,2018-19,39,35.5,3.5,0,0,0,1.2518939393939377,-0.029171969491946,0.0410446185567884,-1.9312280701754383,0.0063157894736842,-0.8399999999999999,-3.230000000000004,-0.3200000000000003,0.06,0.1583157894736842,0.10550384289543757
1610612737,Atlanta Hawks,ATL,2019-20,20,33.5,-13.5,0,0,1,3.1251920122887853,0.0804072539998266,0.0750261662041637,4.641233766233767,0.1866883116883116,-0.8900000000000006,0.9299999999999996,0.2200000000000006,0.25,-0.1243506493506493,0.1441196129311089
1610612738,Boston Celtics,BOS,2019-20,48,48.5,-0.5,0,0,0,0.205377720870679,-0.0213641949199434,0.0138830433633141,-2.2592592592592595,-0.1481481481481481,-2.4399999999999977,-0.8500000000000014,-0.3599999999999994,-0.26,0.0259259259259259,0.052683897053683225
1610612739,Cleveland Cavaliers,CLE,2019-20,19,24.5,-5.5,0,0,1,1.397637795275589,-0.1008801098072207,0.0220076677671623,5.779461279461279,0.1952861952861952,1.7400000000000002,-0.4299999999999997,-0.2199999999999997,0.2099999999999999,0.0468013468013467,0.5260154477019271
1610612740,New Orleans Pelicans,NOP,2019-20,30,37.5,-7.5,0,0,0,-1.4978354978354955,0.0969650617810672,-0.038338920532617,1.0748663101604277,-0.0064171122994652,-2.1400000000000023,-5.82,-1.9000000000000004,-0.24,-0.1858823529411765,0.01526403152635098
1610612741,Chicago Bulls,CHI,2019-20,22,33.5,-11.5,0,0,1,1.1124423963133658,-0.1044752603520924,-0.0619126470398486,0.0909090909090908,-0.0454545454545454,2.109999999999999,-6.759999999999998,0.1500000000000003,0.05,0.2018181818181818,0.7897618121831285
1610612742,Dallas Mavericks,DAL,2019-20,43,40.5,2.5,0,0,0,4.786496701044136,-0.0048124389323038,-0.0379354815318153,-3.8818181818181814,-0.0999999999999999,0.1500000000000003,-4.519999999999996,-1.3500000000000003,-0.32,0.1772727272727272,0.04314228765360228
1610612743,Denver Nuggets,DEN,2019-20,46,53.0,-7.0,0,0,0,-0.9673328658251528,-0.0956150039515836,-0.0309171434220129,-6.708080808080808,-0.2464646464646465,-1.6400000000000006,-0.9099999999999966,-1.33,-0.03,0.1351515151515151,0.186989517141323
1610612744,Golden State Warriors,GSW,2019-20,15,47.5,-32.5,0,0,1,3.1430232558139544,-0.1925438357408428,0.0,-1.7636363636363637,0.0818181818181818,-4.939999999999998,1.1499999999999986,-1.4900000000000002,-0.34,-0.0836363636363636,0.9529357255218167
1610612745,Houston Rockets,HOU,2019-20,44,54.0,-10.0,0,0,0,-0.8840000000000003,-0.0096174753709,0.0,-2.9814814814814814,-0.074074074074074,2.92,-2.859999999999999,-1.4500000000000002,0.3,-0.1296296296296296,0.1965706183625751
1610612746,Los Angeles Clippers,LAC,2019-20,49,53.5,-4.5,0,0,0,-2.478070175438596,-0.0702847571041198,-0.0014198174356785,3.499465240641711,0.0331550802139037,-1.2199999999999989,-2.8699999999999974,-0.3999999999999994,-0.15,-0.1118716577540106,0.21583752572747267
1610612747,Los Angeles Lakers,LAL,2019-20,52,50.5,1.5,0,0,0,-0.1666666666666643,0.0065037363498781,0.0031779176276963,-6.415094339622642,-0.1624737945492662,-0.8499999999999996,-4.019999999999996,-0.6299999999999999,0.2299999999999999,0.0283018867924528,0.04501960008695897
1610612748,Miami Heat,MIA,2019-20,44,43.5,0.5,0,0,0,-2.091969536296155,-0.0155491027706361,0.0222845813763094,-1.5623781676413253,-0.1744639376218323,0.1300000000000007,-0.1899999999999977,0.8899999999999997,0.43,-0.0853801169590643,0.08022111868349883
1610612749,Milwaukee Bucks,MIL,2019-20,56,57.5,-1.5,0,0,0,-0.4007345113902474,-0.0368742198960942,0.0143989483034259,-7.7953216374269,-0.3255360623781677,-2.6800000000000015,-3.819999999999993,-0.6699999999999999,0.3199999999999999,0.09317738791423,0.07298303612898695
1610612750,Minnesota Timberwolves,MIN,2019-20,19,35.5,-16.5,0,0,1,-3.4011999478283563,-0.1627974011380592,-0.1552160967735057,-4.361921097770154,-0.0291595197255574,1.7800000000000011,-1.259999999999998,-1.8600000000000012,0.0699999999999999,-0.1567753001715266,0.6170589249273873
1610612751,Brooklyn Nets,BKN,2019-20,35,43.5,-8.5,0,0,0,-0.4448682385575608,-0.13417818727301,0.0521665857165855,-0.4419066534260178,0.054617676266137,0.1799999999999997,-3.529999999999994,-1.0700000000000005,0.31,0.1878848063555114,0.7195057476959894
1610612752,New York Knicks,NYK,2019-20,21,26.5,-5.5,0,0,1,-1.0785615216960591,0.0572824157205819,-0.0170725515301366,3.0545454545454547,0.0545454545454545,-0.629999999999999,2.3800000000000026,0.1799999999999997,-0.0799999999999999,-0.1418181818181818,0.03343419122749674
1610612753,Orlando Magic,ORL,2019-20,33,41.5,-8.5,0,0,0,-0.8412017167381975,-0.0745654916202898,0.0156237602809685,1.9353535353535352,0.0636363636363636,-1.6999999999999993,-0.4600000000000008,-0.9000000000000004,0.25,0.1472727272727272,0.3059782928367841
1610612754,Indiana Pacers,IND,2019-20,45,46.5,-1.5,0,0,0,1.0105713000449832,-0.1232463615780918,0.0443416653653201,-0.7565656565656567,0.1404040404040404,0.08,1.3299999999999983,-0.6699999999999999,-0.0299999999999999,0.2175757575757575,0.4283212878872292
1610612755,Philadelphia 76ers,PHI,2019-20,43,54.5,-11.5,0,0,0,-3.017069327731093,-0.0745487366420526,0.0742382706058406,-0.1404040404040403,-0.1181818181818181,-2.0199999999999996,-1.1400000000000006,-1.0699999999999994,-0.1399999999999999,0.1543434343434343,0.38720160963246214
1610612756,Phoenix Suns,PHX,2019-20,34,29.5,4.5,0,0,0,1.4472222222222229,-0.0193690655528998,0.1027578636209187,5.7555555555555555,0.2666666666666666,-0.5300000000000011,1.2899999999999991,-2.53,-0.3799999999999999,0.0363636363636363,0.03179032812962512
1610612757,Portland Trail Blazers,POR,2019-20,35,46.5,-11.5,0,0,0,1.0150516055045884,-0.0941826063673821,0.0193201556063303,2.912698412698413,0.1091269841269841,2.119999999999999,-2.6000000000000014,-0.1599999999999992,-0.17,0.0674603174603174,0.7484815720973835
1610612758,Sacramento Kings,SAC,2019-20,31,37.5,-6.5,0,0,0,-2.3858082706766908,0.0155239202986993,0.0252680843847497,3.388888888888889,0.1666666666666666,-2.020000000000002,0.2000000000000028,0.7800000000000002,0.23,-0.0148148148148148,0.15647816056920094
1610612759,San Antonio Spurs,SAS,2019-20,32,46.5,-14.5,0,0,0,0.7430232558139558,-0.1369194216661094,0.0953646891774631,0.8442265795206972,0.1034858387799564,0.6599999999999984,0.1099999999999994,0.4900000000000002,0.61,0.2496732026143791,0.9238701258061766
1610612760,Oklahoma City Thunder,OKC,2019-20,44,32.5,11.5,0,0,0,-2.7239110337701895,-0.1197347044918239,-0.0010953757148541,-2.5229946524064175,0.0470588235294118,-0.3499999999999996,-0.8599999999999994,0.1000000000000005,0.0599999999999999,0.1065240641711229,0.11843014903370498
1610612761,Toronto Raptors,TOR,2019-20,53,46.5,6.5,0,0,0,0.495018115942031,0.0110724952386581,0.0,-0.3860962566844916,0.0374331550802138,-0.7899999999999991,-0.2899999999999991,-0.9000000000000004,-0.0799999999999999,0.0027807486631016,0.016002710298278173
1610612762,Utah Jazz,UTA,2019-20,44,53.5,-9.5,0,0,0,-0.6611475409836061,-0.0635621588896322,0.0,-6.407407407407408,-0.2222222222222222,-0.209999999999999,-1.9100000000000037,0.6900000000000004,0.25,0.0703703703703703,0.44864987282812696
1610612763,Memphis Grizzlies,MEM,2019-20,34,27.5,6.5,0,0,0,2.854424874972821,-0.070632404940897,-0.0369771150367665,1.4444444444444444,-0.2027290448343079,-1.9899999999999984,-1.2900000000000065,1.0700000000000005,0.65,0.1649122807017544,0.060114989041541
1610612764,Washington Wizards,WAS,2019-20,25,27.0,-2.0,0,0,0,0.690398673137171,-0.0598291236338838,0.1047752928500258,-1.6683217477656402,-0.1142005958291956,1.3699999999999992,-4.769999999999996,0.3699999999999992,-0.29,0.0730883813306852,0.46778207922668547
1610612765,Detroit Pistons,DET,2019-20,20,37.5,-17.5,0,0,1,-0.501424501424502,-0.1981365528276283,-0.0203444322437457,-7.070175438596491,-0.2222222222222222,-1.84,-4.899999999999999,-1.5999999999999996,-0.31,0.2210526315789474,0.8800198172151309
1610612766,Charlotte Hornets,CHA,2019-20,23,23.5,-0.5,0,0,1,0.4415440594842579,-0.0797671416610897,-0.0497534490531379,3.205387205387206,0.1212121212121212,0.1699999999999999,-2.6699999999999946,-0.1799999999999997,0.28,0.0646464646464646,0.22060397591371034
1610612737,Atlanta Hawks,ATL,2020-21,41,34.5,6.5,0,0,0,-0.7633587786259568,0.0207518024513337,-0.1418596405397054,3.805555555555556,0.25,-0.5800000000000001,-1.5600000000000025,-2.1100000000000003,-0.22,0.0,0.006177974661861245
1610612738,Boston Celtics,BOS,2020-21,36,44.5,-8.5,0,0,0,1.4924812030075216,-0.0792485647715413,0.136411704048294,1.1388888888888888,-0.0555555555555555,-0.8900000000000006,1.8400000000000032,-0.4699999999999997,0.1099999999999999,-0.1388888888888889,0.3531728590371407
1610612739,Cleveland Cavaliers,CLE,2020-21,22,22.5,-0.5,0,0,1,-0.3986111111111086,-0.0557592793473481,0.0794034515465517,-1.944444444444444,-0.1666666666666666,-2.639999999999999,-1.9399999999999975,-1.2000000000000002,-0.2,-0.0166666666666666,0.07999969366265391
1610612740,New Orleans Pelicans,NOP,2020-21,31,36.5,-5.5,0,0,1,0.1176973496722695,-0.1967490145363258,0.038638426172458,0.25,0.0277777777777777,-0.5500000000000007,-3.1700000000000017,-1.2200000000000006,-0.25,0.2944444444444444,0.7811109506014154
1610612741,Chicago Bulls,CHI,2020-21,31,29.5,1.5,0,0,1,-1.9346829640947296,-0.085080944791275,-0.0333244640011013,-1.2941176470588236,-0.0758513931888544,-1.040000000000001,-3.9200000000000017,-1.0299999999999994,-0.3999999999999999,0.031578947368421,0.11374749773926834
1610612742,Dallas Mavericks,DAL,2020-21,42,42.5,-0.5,0,0,0,-0.9808225403317437,0.0289187899473643,0.0185092665664909,5.292569659442725,0.1021671826625386,-1.4000000000000004,-1.740000000000002,-0.1800000000000006,-0.0599999999999999,-0.0637770897832817,0.043239422434362094
1610612743,Denver Nuggets,DEN,2020-21,47,44.5,2.5,0,0,0,-0.345032082442156,-0.0240323731700312,0.0535221406196848,-0.75,0.1388888888888888,-0.2199999999999988,-4.0,-0.4199999999999999,-0.19,-0.0277777777777777,0.1416444948028445
1610612744,Golden State Warriors,GSW,2020-21,39,37.5,1.5,0,0,0,2.4206356827347797,-0.0989474509989203,0.0505036078091249,1.1706563706563706,0.0579150579150579,-2.16,-5.359999999999999,-1.0,-0.0699999999999999,0.1607722007722007,0.259419306277425
1610612745,Houston Rockets,HOU,2020-21,17,34.5,-17.5,1,1,1,2.3431372549019613,-0.0432572054161313,0.0987508838086259,-4.998452012383901,-0.1656346749226006,-2.530000000000001,-1.0,-0.8399999999999999,-0.0999999999999999,0.063157894736842,0.495268761421958
1610612746,Los Angeles Clippers,LAC,2020-21,47,46.5,0.5,0,0,0,0.2846686780645875,-0.0885834052521267,0.0409853006086365,1.6640866873065017,0.0448916408668731,0.200000000000001,-1.8999999999999984,-0.6299999999999999,0.25,0.1557275541795665,0.2522440016629091
1610612747,Los Angeles Lakers,LAL,2020-21,42,47.5,-5.5,0,0,0,1.487952452345258,-0.0548716945366249,0.0353585231834386,-4.654054054054054,-0.1343629343629344,0.2800000000000011,-3.530000000000001,-0.5200000000000005,-0.2299999999999999,0.2074131274131274,0.3455323643710405
1610612748,Miami Heat,MIA,2020-21,40,43.5,-3.5,0,0,0,-2.0441798941798943,-0.0575543069997458,-0.0168783661816099,3.2222222222222223,0.1111111111111111,1.3600000000000012,-3.140000000000001,-0.25,0.0799999999999999,-0.0722222222222221,0.2723805989163576
1610612749,Milwaukee Bucks,MIL,2020-21,46,49.5,-3.5,0,0,0,0.4132468028249647,0.0014516567919488,0.0,-0.7777777777777777,0.0555555555555554,-0.2300000000000004,-4.159999999999997,-1.4699999999999998,0.1399999999999999,0.0777777777777777,0.09273692420365023
1610612750,Minnesota Timberwolves,MIN,2020-21,23,29.5,-6.5,0,0,1,1.8060874377421143,-0.002914083280922,-0.0309722299622959,7.055555555555556,0.2499999999999999,-0.5499999999999989,1.8299999999999983,-0.5599999999999996,-0.0299999999999999,0.05,0.10197972980624051
1610612751,Brooklyn Nets,BKN,2020-21,48,45.5,2.5,0,0,0,-1.8473265576668112,-0.0734503268168755,0.0832584179400654,-1.0285714285714285,0.037065637065637,-0.0499999999999989,-2.240000000000002,0.4100000000000001,0.62,0.0373745173745173,0.28313971904370344
1610612752,New York Knicks,NYK,2020-21,41,21.5,19.5,0,0,0,3.4678675754625097,-0.0328063211084727,0.0136923236829691,3.7976833976833975,0.115057915057915,0.9000000000000004,-0.3000000000000042,-1.0999999999999996,-0.1,0.1111969111969111,0.008264057323601122
1610612753,Orlando Magic,ORL,2020-21,21,31.5,-10.5,0,0,1,-0.803839364518975,-0.1829144012740166,0.0306515990458612,-5.4444444444444455,-0.1388888888888889,-0.9399999999999996,-0.25,-0.75,-0.12,0.0555555555555555,0.739701546172483
1610612754,Indiana Pacers,IND,2020-21,34,38.5,-4.5,0,0,0,-1.6663186676609492,-0.1057071445184199,0.1123093468143245,-0.5258687258687259,0.0293436293436293,-1.7899999999999991,0.9200000000000016,-1.510000000000001,-0.07,0.0531274131274131,0.2920010155402439
1610612755,Philadelphia 76ers,PHI,2020-21,49,43.5,5.5,0,0,0,-2.8589743589743577,-0.0529033706400559,0.0263341578444065,4.166666666666667,0.0277777777777777,1.5299999999999994,-4.189999999999998,-1.1399999999999997,0.03,0.0833333333333333,0.08922509571989351
1610612756,Phoenix Suns,PHX,2020-21,51,38.5,12.5,0,0,0,-0.0671639177784761,-0.0136141729023711,-0.0269292907338984,-1.2965250965250965,0.0440154440154439,2.2699999999999996,-4.170000000000002,-1.2299999999999995,0.03,0.0299613899613899,0.020884539830857172
1610612757,Portland Trail Blazers,POR,2020-21,42,40.5,1.5,0,0,0,0.7975302889095985,0.0448867194457888,0.014929925095519,4.320463320463321,-0.0324324324324324,-2.01,-1.009999999999998,-0.8399999999999999,-0.19,-0.2401544401544401,0.010167280238464084
1610612758,Sacramento Kings,SAC,2020-21,31,28.5,2.5,0,0,1,0.0774526678141143,-0.1084385439205868,0.0510957248682954,3.916666666666667,0.0833333333333333,1.5,-2.769999999999996,-0.9699999999999998,-0.47,0.1444444444444444,0.3101201393360012
1610612759,San Antonio Spurs,SAS,2020-21,33,28.5,4.5,0,0,0,2.007155635062613,0.0440439328567549,0.0230390390664762,-3.18125,-0.1875,-1.3800000000000008,-3.6700000000000017,-0.8199999999999994,0.0499999999999999,-0.0474999999999999,0.012539577110919624
1610612760,Oklahoma City Thunder,OKC,2020-21,22,22.5,-0.5,1,1,1,0.7600698174006446,-0.2281407058631003,-0.0059681927364219,-10.22222222222222,-0.2222222222222222,0.120000000000001,-6.939999999999998,-1.4699999999999998,0.0499999999999999,0.3166666666666667,0.7488067843523715
1610612761,Toronto Raptors,TOR,2020-21,27,42.5,-15.5,0,0,1,-0.3243003672280622,-0.1384569970455152,0.0175003330185931,-3.7777777777777777,-0.1944444444444444,-1.0299999999999994,-2.469999999999999,-1.33,-0.2199999999999999,0.1055555555555555,0.6913059639724423
1610612762,Utah Jazz,UTA,2020-21,52,41.5,10.5,0,0,0,-0.7313521899988054,-0.0982583281637472,0.0265825668027443,0.8888888888888893,-0.0555555555555555,-0.2800000000000011,-4.700000000000003,-0.6600000000000001,0.16,0.1333333333333333,0.09062463146703921
1610612763,Memphis Grizzlies,MEM,2020-21,38,31.5,6.5,0,0,0,1.693503421475036,0.0373799549008161,-0.0081143714539717,0.3874999999999999,0.05,-2.359999999999999,3.469999999999999,-0.9799999999999996,-0.21,-0.05875,0.0048150264307260235
1610612764,Washington Wizards,WAS,2020-21,34,32.5,1.5,0,0,0,2.6976050694250304,-0.0262962311614454,0.0179873471783092,4.829721362229103,0.1145510835913312,-1.4299999999999995,-3.9399999999999977,-1.4399999999999995,-0.32,0.0851393188854489,0.06628802389682299
1610612765,Detroit Pistons,DET,2020-21,20,23.5,-3.5,0,0,1,0.5127232142857139,-0.0704358054944384,0.0414621580701628,-1.1111111111111112,0.0,-1.33,2.859999999999999,-1.2800000000000002,-0.2699999999999999,0.0666666666666666,0.12130066013779921
1610612766,Charlotte Hornets,CHA,2020-21,33,26.5,6.5,0,0,0,0.6230994811639974,-0.0275434017633385,0.1079685989934908,-2.867181467181467,-0.0532818532818532,0.5999999999999996,0.7999999999999972,-0.9299999999999996,-0.29,0.1127413127413127,0.053988132319249094
1610612737,Atlanta Hawks,ATL,2021-22,43,47.5,-4.5,0,0,0,0.9107142857142848,-0.0101093017134586,0.0176072699309878,3.683908045977012,0.1422413793103448,-1.08,3.539999999999999,-0.4500000000000002,0.0799999999999999,-0.0275862068965517,0.07461050806098196
1610612738,Boston Celtics,BOS,2021-22,51,45.5,5.5,0,0,0,-1.7507772868597584,-0.0764672478453208,0.0215321344549796,7.009090909090908,0.206060606060606,-0.5199999999999996,1.1599999999999966,-0.7700000000000005,0.2799999999999999,-0.1984848484848485,0.057068899238656975
1610612739,Cleveland Cavaliers,CLE,2021-22,44,26.5,17.5,0,0,0,0.4981203007518857,-0.0470126743609714,0.0671719889541882,-6.887931034482759,-0.2284482758620689,-0.5800000000000001,0.509999999999998,-1.0200000000000005,0.0,-0.0482758620689655,0.007487245676561704
1610612740,New Orleans Pelicans,NOP,2021-22,36,39.5,-3.5,0,0,0,-3.2755789473684196,-0.0823261213304281,0.0315114743235722,7.899042004421519,0.1753868828297715,1.8699999999999992,4.109999999999999,-0.7000000000000002,0.0899999999999999,-0.1006632277081798,0.19518185996675225
1610612741,Chicago Bulls,CHI,2021-22,46,42.5,3.5,0,0,0,-0.3002764976958474,-0.0580408124834098,0.0451343680753175,-9.428150331613852,-0.2962417096536477,0.2800000000000011,0.8100000000000023,-0.96,0.14,0.0834193072955047,0.056710314547284764
1610612742,Dallas Mavericks,DAL,2021-22,52,48.5,3.5,0,0,0,0.1788425047438337,-0.049227151322312,0.0304578419370533,-0.1820191599115697,0.1459100957995578,-2.0199999999999996,1.8900000000000008,-1.4600000000000004,-0.2599999999999999,-0.0476050110537951,0.04028516087592041
1610612743,Denver Nuggets,DEN,2021-22,48,47.5,0.5,0,0,0,0.0770426915465094,0.0123249110973086,-0.1003098352603329,0.7471264367816093,0.0560344827586206,-1.0199999999999996,3.93,-0.1200000000000001,-0.15,0.0034482758620689,0.017215850679166624
1610612744,Golden State Warriors,GSW,2021-22,53,48.5,4.5,0,0,0,0.7478672985781998,-0.0003067238849481,0.0,-4.915254237288136,-0.2336035372144436,-3.49,1.1899999999999975,-0.9400000000000004,-0.18,0.0196020633750921,0.008836904240780359
1610612745,Houston Rockets,HOU,2021-22,20,27.5,-7.5,1,1,1,1.502542812662167,-0.080446825473379,-0.0112534154345257,4.030172413793103,-0.050287356321839,-0.4000000000000003,2.5,0.0499999999999998,0.0699999999999999,-0.0350574712643678,0.22340286234900752
1610612746,Los Angeles Clippers,LAC,2021-22,42,45.5,-3.5,0,0,0,-2.304617117117118,-0.0791070636007231,-0.0078403421240199,3.359875097580016,0.0796252927400468,-0.4900000000000002,2.020000000000003,-1.54,-0.01,-0.0029664324746291,0.10784307911219332
1610612747,Los Angeles Lakers,LAL,2021-22,33,52.5,-19.5,0,0,1,-0.1366162395801176,-0.1091362701051553,0.0066298264550218,-5.4094827586206895,-0.2155172413793103,-0.1800000000000015,2.3800000000000026,-0.7700000000000005,-0.2299999999999999,0.1339080459770114,0.6701770832898428
1610612748,Miami Heat,MIA,2021-22,53,48.5,4.5,0,0,0,-1.412023177209079,0.030565554935811,0.0113677953572611,-0.0832719233603533,0.0081061164333088,-0.4000000000000003,1.6400000000000006,-0.1200000000000001,-0.25,-0.0871039056742815,0.017180709749792945
1610612749,Milwaukee Bucks,MIL,2021-22,51,54.5,-3.5,0,0,0,-0.5366236484129772,-0.0114936455450856,-0.013285281152686,0.0136363636363636,0.0818181818181817,-0.91,-1.4099999999999966,-1.3500000000000003,-0.1199999999999999,-0.0412121212121212,0.06858521290009353
1610612750,Minnesota Timberwolves,MIN,2021-22,46,35.5,10.5,0,0,0,-1.4819838056680157,-0.055315819289552,-0.0568550913175004,4.194546794399411,0.1267501842299189,1.7100000000000009,-1.4499999999999955,-0.5699999999999994,-0.18,0.0552689756816506,0.03960325188609192
1610612751,Brooklyn Nets,BKN,2021-22,44,56.5,-12.5,0,0,0,1.186918753193666,0.0756200723977024,0.0,2.782608695652174,0.0397936624907884,0.3800000000000008,5.189999999999998,-0.4599999999999999,-0.1899999999999999,-0.2701547531319086,0.03637612208364091
1610612752,New York Knicks,NYK,2021-22,37,41.5,-4.5,0,0,0,2.341952165481576,0.0472400637768163,0.0557921835407337,4.943257184966839,0.0980103168754605,-1.209999999999999,2.140000000000001,-0.7600000000000007,-0.22,0.0384672070744288,0.03859793755367144
1610612753,Orlando Magic,ORL,2021-22,22,22.5,-0.5,0,0,1,-3.2805729417429,-0.2074681259804834,0.1121834201919753,2.3606060606060604,0.1924242424242424,-0.7200000000000006,3.969999999999999,-0.1799999999999997,0.1099999999999999,0.2175757575757576,0.7280285462053208
1610612754,Indiana Pacers,IND,2021-22,25,42.5,-17.5,1,1,1,3.9622441778405104,-0.1860026471782194,0.0573464312558063,-3.0772727272727276,-0.106060606060606,1.540000000000001,0.6799999999999997,-1.29,-0.13,-0.206060606060606,0.8626672156473557
1610612755,Philadelphia 76ers,PHI,2021-22,51,50.5,0.5,0,0,0,-0.487387997891723,0.0847178579618455,-0.0091127832948132,3.614942528735632,0.0632183908045976,-1.8900000000000008,0.2899999999999991,-0.8700000000000001,0.0099999999999999,-0.2913793103448276,0.005796316028735238
1610612756,Phoenix Suns,PHX,2021-22,64,51.5,12.5,0,0,0,-0.0007215007215037,-0.0572403819023294,0.0,-2.179597701149425,-0.160919540229885,0.7699999999999996,-1.2199999999999989,-1.0,0.09,0.1356321839080459,0.0208014234845009
1610612757,Portland Trail Blazers,POR,2021-22,27,44.5,-17.5,1,1,1,-1.4190821256038646,-0.2242415785605004,0.2375917769291279,-17.874723655121592,-0.3367722918201916,0.2699999999999996,-0.3800000000000025,0.4300000000000006,0.1299999999999999,0.1750921149594694,0.9899689411747842
1610612758,Sacramento Kings,SAC,2021-22,30,36.5,-6.5,0,0,1,0.1667108753315638,-0.0140449728282956,0.0,-1.7272727272727275,-0.0030303030303029,0.3200000000000003,2.740000000000002,0.3799999999999999,0.36,-0.2375757575757575,0.12067884077555031
1610612759,San Antonio Spurs,SAS,2021-22,34,28.5,5.5,0,0,0,1.6414369256474508,-0.0451469930989363,0.0540862243770886,-0.0486366985998526,0.0884303610906411,0.4199999999999999,-3.5500000000000043,-1.0,-0.52,-0.1176123802505527,0.08884555607570378
1610612760,Oklahoma City Thunder,OKC,2021-22,24,23.5,0.5,1,1,1,0.7406168710516532,-0.2256913211500407,0.1244707288976751,-4.987068965517241,-0.0603448275862069,0.8300000000000001,5.049999999999997,0.0300000000000002,-0.34,0.4235632183908046,0.7987822698534112
1610612761,Toronto Raptors,TOR,2021-22,48,35.5,12.5,0,0,0,-0.8631740996454553,-0.0386937665122981,0.0227504726234368,1.7080701754385963,0.0785964912280702,-1.34,2.1200000000000045,-1.4499999999999993,0.38,0.0815438596491228,0.009792952611819998
1610612762,Utah Jazz,UTA,2021-22,49,52.5,-3.5,0,0,0,0.4689754689754686,-0.0084258661706159,-0.013852542060342,-2.820402298850574,-0.0790229885057471,1.5399999999999991,0.8400000000000034,0.04,-0.08,0.0439655172413792,0.11334677889500673
1610612763,Memphis Grizzlies,MEM,2021-22,56,41.5,14.5,0,0,0,-1.227720717916796,-0.055894219076044,-0.0326898293353714,3.1045454545454545,-0.0015151515151515,-1.0599999999999987,3.700000000000003,-1.4800000000000004,0.15,0.0569696969696969,0.004831302058266869
1610612764,Washington Wizards,WAS,2021-22,35,33.5,1.5,0,0,0,-0.3017645744918482,-0.2122160945213882,0.0231090426291836,-1.9985632183908049,-0.132183908045977,1.0099999999999998,2.019999999999996,-1.2199999999999998,-0.45,0.1040229885057471,0.41130590724454313
1610612765,Detroit Pistons,DET,2021-22,23,24.5,-1.5,0,0,1,-0.0721500721500731,-0.0457043486046387,-0.0415397573504836,7.9683908045977,0.1925287356321839,0.2900000000000009,3.4200000000000017,-0.3200000000000003,-0.29,-0.0284482758620689,0.08092054480248682
1610612766,Charlotte Hornets,CHA,2021-22,43,38.5,4.5,0,0,0,-0.391304347826086,0.0006190491349451,-0.002203403810409,4.990909090909091,0.153030303030303,-0.5300000000000011,3.690000000000005,-0.75,0.15,0.0342424242424242,0.017962965595132063
1610612737,Atlanta Hawks,ATL,2022-23,41,46.5,-5.5,0,0,0,-2.8287029288702925,0.0507351965782548,-0.0036700224435505,2.3124539425202655,0.030213706705969,-1.959999999999999,-3.140000000000001,0.0099999999999997,0.12,-0.0593957258658806,0.05840026309576186
1610612738,Boston Celtics,BOS,2022-23,57,54.5,2.5,0,0,0,-0.0089336939595128,0.0158118308243749,0.0115908314256296,1.3861459100957996,-0.0596904937361827,-1.1499999999999986,-1.7100000000000009,0.2700000000000004,-0.01,-0.0081061164333087,0.03739021117979014
1610612739,Cleveland Cavaliers,CLE,2022-23,51,46.5,4.5,0,0,0,-0.0844576249947763,-0.0544865510110662,-0.0056746918581076,-0.9562841530054644,-0.0039032006245121,1.959999999999999,-1.6899999999999975,-0.4900000000000002,0.25,0.0343481654957064,0.0989501300823817
1610612740,New Orleans Pelicans,NOP,2022-23,42,45.5,-3.5,0,0,0,3.026470588235295,0.1174531792262172,-0.0042819198164525,1.7236551215917466,0.0132645541635961,-0.1400000000000005,3.269999999999996,-1.4599999999999995,0.1799999999999999,-0.0910832719233603,0.00505059900453973
1610612741,Chicago Bulls,CHI,2022-23,40,41.5,-1.5,0,0,0,-1.1248628702503218,0.0284416415073242,-0.0252180849081218,5.635961680176861,0.1680176860722181,1.5,-0.7800000000000011,-0.0599999999999996,0.38,-0.1991156963890936,0.05357991065694274
1610612742,Dallas Mavericks,DAL,2022-23,38,48.5,-10.5,0,0,0,-1.5312276306370798,-0.1003915781728451,0.009037598446022,-1.5287878787878788,-0.1984848484848485,-0.5199999999999996,4.109999999999999,0.4399999999999995,-0.08,-0.0833333333333333,0.34586274692153457
1610612743,Denver Nuggets,DEN,2022-23,53,51.5,1.5,0,0,0,-0.1495057485893696,0.0477838435866603,0.0,-3.660280029476787,-0.1731761238025055,-1.8000000000000007,2.6000000000000014,0.5600000000000005,-0.0499999999999999,-0.0197494473102431,0.01479523382162107
1610612744,Golden State Warriors,GSW,2022-23,44,52.5,-8.5,0,0,0,-0.421423537702605,-0.0568875848728496,0.0129273936193512,5.872126436781609,0.125,-1.34,-0.8299999999999983,0.6699999999999999,-0.14,0.0798850574712643,0.4275022516692249
1610612745,Houston Rockets,HOU,2022-23,22,23.5,-1.5,1,1,1,2.9069993069993103,-0.031574688498985,-0.0201968742869643,1.8548850574712636,0.1508620689655172,0.3499999999999996,-2.3200000000000003,0.2800000000000002,-0.1,-0.0284482758620689,0.19386330572264515
1610612746,Los Angeles Clippers,LAC,2022-23,44,52.5,-8.5,0,0,0,-0.5826012223071046,0.0865508942103731,-0.0147141573409272,0.7361436377829821,-0.0171740827478532,-0.08,-4.539999999999999,-0.54,0.17,-0.3594067135050741,0.039381793770097984
1610612747,Los Angeles Lakers,LAL,2022-23,43,44.5,-1.5,0,0,0,-0.6844903691813791,0.0302684947592887,0.0497993701711995,6.152542372881356,0.2380250552689756,0.1199999999999992,-4.230000000000004,0.0700000000000002,-0.37,-0.1942520265291083,0.11863860299664138
1610612748,Miami Heat,MIA,2022-23,44,49.5,-5.5,0,0,0,-3.043432203389834,-0.0144008568653676,0.0151378626779599,-1.2512896094325718,-0.0206337509211496,-0.9900000000000002,-2.6700000000000017,-0.3499999999999996,0.51,-0.0347826086956521,0.14386806545168165
1610612749,Milwaukee Bucks,MIL,2022-23,58,53.5,4.5,0,0,0,-1.6955782312925152,-0.0950905868528776,0.0148737461086129,1.4008620689655171,0.0014367816091954,-0.25,-2.9399999999999977,0.2999999999999998,0.1699999999999999,0.0522988505747126,0.20520950158287493
1610612750,Minnesota Timberwolves,MIN,2022-23,42,49.5,-7.5,0,0,0,-0.1725731895223461,0.0305116815369498,-0.0260605846385081,0.1131928181108509,0.0156128024980484,-2.34,0.75,1.09,0.0,-0.1954722872755659,0.08112862197470305
1610612751,Brooklyn Nets,BKN,2022-23,45,50.5,-5.5,0,0,0,-2.041160119227033,0.0389362742870348,0.0294943938972797,-2.9741379310344827,-0.1278735632183907,-1.6300000000000008,-0.0799999999999983,-0.1299999999999999,0.12,-0.4905172413793103,0.03038036189525107
1610612752,New York Knicks,NYK,2022-23,47,38.5,8.5,0,0,0,-2.0034788108791908,0.0038953227139798,-0.0331322925313418,2.584848484848485,0.0863636363636363,0.5,-1.779999999999994,0.2000000000000001,-0.1999999999999999,-0.1054545454545454,0.02491570145706438
1610612753,Orlando Magic,ORL,2022-23,34,26.5,7.5,0,0,1,-0.4069937279835045,0.0086527256755372,-0.0090932686753878,0.7192336035372144,0.0280029476787029,1.0999999999999996,-0.7700000000000031,-0.2800000000000002,0.19,-0.1295504789977892,0.020458766841926247
1610612754,Indiana Pacers,IND,2022-23,35,24.5,10.5,0,0,1,-0.7479704797047972,-0.0957605860128716,0.0236770929955541,-2.0484848484848484,-0.0242424242424242,-2.039999999999999,2.979999999999997,-0.3200000000000003,0.0599999999999999,0.176060606060606,0.04240569418364614
1610612755,Philadelphia 76ers,PHI,2022-23,54,50.5,3.5,0,0,0,-0.3101065601065613,0.0524169429046359,0.0151482441096478,1.385263157894737,-0.0266666666666666,-3.210000000000001,0.9699999999999988,1.2800000000000002,-0.05,-0.0214736842105263,0.018361489858123692
1610612756,Phoenix Suns,PHX,2022-23,45,52.5,-7.5,0,0,0,-0.7603801635340339,0.0240368381044299,0.0042518324071544,2.6333333333333333,0.0575757575757576,-2.539999999999999,0.1900000000000048,0.0100000000000006,-0.0299999999999999,-0.1818181818181818,0.067013851098029
1610612757,Portland Trail Blazers,POR,2022-23,33,39.5,-6.5,1,1,1,-0.4792838874680285,-0.3481398902891753,0.053232223403823,-13.17816091954023,-0.2744252873563219,2.91,-1.1199999999999974,-0.2400000000000002,-0.29,0.5097701149425288,0.9896096370694578
1610612758,Sacramento Kings,SAC,2022-23,48,34.5,13.5,0,0,0,-1.0557660730074545,-0.0542749461828538,0.0402724312021428,1.199298245614035,0.0785964912280702,0.5300000000000011,1.0600000000000025,0.04,0.27,0.0298947368421052,0.03473554118949209
1610612759,San Antonio Spurs,SAS,2022-23,22,22.5,-0.5,1,1,1,0.6868618107556159,-0.1897287202777827,0.059624819541416,0.4738393515106853,0.1105379513633013,-0.1899999999999995,-4.029999999999994,0.1400000000000005,0.3099999999999999,0.2008843036109064,0.8111701932568685
1610612760,Oklahoma City Thunder,OKC,2022-23,40,23.5,16.5,0,0,0,3.1928911817426666,-0.1046621293451823,0.0301018318595492,-1.849122807017544,-0.0112280701754385,0.75,0.1600000000000037,-0.6299999999999999,0.3999999999999999,0.1897543859649122,0.04206268814650662
1610612761,Toronto Raptors,TOR,2022-23,41,46.5,-5.5,0,0,0,-1.7139999999999986,0.0366998364424129,0.0159855083857772,2.1790714812085485,0.090641120117907,-1.4600000000000009,0.980000000000004,0.1799999999999997,-0.2,-0.0221075902726602,0.0710630128632368
1610612762,Utah Jazz,UTA,2022-23,37,23.5,13.5,0,0,0,-0.7951857404631006,-0.2748411730125086,0.0058459307356074,-4.742424242424242,-0.1196969696969696,0.08,1.9500000000000028,-0.94,0.12,0.1627272727272727,0.2809535228909021
1610612763,Memphis Grizzlies,MEM,2022-23,51,49.5,1.5,0,0,0,0.902764976958526,-0.0459744020184331,-0.0244899953792794,0.0877192982456138,0.0259649122807017,-0.92,0.2000000000000028,0.1300000000000007,-0.01,0.1214035087719298,0.0954364789175344
1610612764,Washington Wizards,WAS,2022-23,35,35.5,-0.5,0,0,1,0.3738713939660876,-0.1619479422348732,0.0555935994584425,-5.126436781609195,-0.1910919540229885,0.3199999999999985,-0.7199999999999989,0.0499999999999998,0.0899999999999999,0.1908045977011494,0.5471329264116568
1610612765,Detroit Pistons,DET,2022-23,17,29.5,-12.5,1,1,1,2.039220538199814,-0.2475014267232581,0.0309224260494389,-2.2328666175386873,-0.1672807663964627,-1.1500000000000004,-2.969999999999999,-0.4100000000000001,0.3299999999999999,0.367870302137067,0.9446345523183949
1610612766,Charlotte Hornets,CHA,2022-23,27,34.5,-7.5,0,0,1,-1.2238095238095212,-0.2457438006320726,0.0910486958124916,0.6439393939393945,0.1712121212121212,-4.420000000000002,2.8300000000000054,-0.04,-0.04,0.1545454545454545,0.8763076897626251
1610612737,Atlanta Hawks,ATL,2023-24,36,42.5,-6.5,0,0,0,-5.470873786407768,-0.3095584626580243,0.0,1.156228956228956,0.008080808080808,-0.7100000000000009,-7.359999999999999,-0.6299999999999999,-0.1899999999999999,0.8252525252525252,0.9844238262299325
1610612738,Boston Celtics,BOS,2023-24,64,54.5,9.5,0,0,0,0.7398167723749118,-0.0320666796104522,0.0,3.742760942760942,-0.004040404040404,-0.7799999999999994,-3.230000000000004,-0.5800000000000001,-0.23,0.1233670033670033,0.030019636550358324
1610612739,Cleveland Cavaliers,CLE,2023-24,48,50.5,-2.5,0,0,0,0.5420168067226925,-0.0010753146735927,0.0071956504439462,-9.230969420949902,-0.265452179570592,-1.1099999999999994,-3.1700000000000017,-0.3600000000000003,-0.0799999999999999,0.0456733897202342,0.07683584632370177
1610612740,New Orleans Pelicans,NOP,2023-24,49,44.5,4.5,0,0,0,3.662660550458714,0.0471639190093449,-0.0979498013212524,0.5414141414141413,-0.0074074074074074,-0.1199999999999992,-6.270000000000003,-0.9900000000000002,-0.2299999999999999,0.0519865319865319,0.014368556656184323
1610612741,Chicago Bulls,CHI,2023-24,39,37.5,1.5,0,0,0,3.0199880157507266,-0.0422234839028438,0.0239585897758092,-0.8915824915824917,0.0087542087542087,0.08,-4.169999999999995,0.1399999999999996,-0.26,0.1248484848484848,0.20687042391020935
1610612742,Dallas Mavericks,DAL,2023-24,50,45.5,4.5,0,0,0,-0.8445155250429082,0.0395063575260411,-0.0258721404653569,2.396632996632997,0.0848484848484848,0.91,-2.769999999999996,-0.7999999999999998,-0.44,-0.2119865319865319,0.017463849443864733
1610612743,Denver Nuggets,DEN,2023-24,57,52.5,4.5,0,0,0,0.2349726775956284,0.0077426316764994,0.0199999469833268,6.4653198653198665,0.1232323232323232,0.5500000000000007,-5.039999999999999,-1.2399999999999998,-0.13,-0.0091582491582491,0.03993946666731219
1610612744,Golden State Warriors,GSW,2023-24,46,48.5,-2.5,0,0,0,-1.0732916197975264,-0.0079868489082798,0.0020238539849193,3.00455432661028,0.1457384515289524,-0.2599999999999998,-1.8500000000000016,-0.6299999999999999,-0.52,-0.0305790500975927,0.10651022405733464
1610612745,Houston Rockets,HOU,2023-24,41,31.5,9.5,0,0,0,0.6662793876435202,-0.037663899617595,-0.0237300541259847,1.5502645502645502,0.1626984126984126,0.6900000000000013,-1.7800000000000011,0.8799999999999999,-0.21,0.0756613756613756,0.08759788813274963
1610612746,Los Angeles Clippers,LAC,2023-24,51,46.5,4.5,0,0,0,0.3042889712168737,-0.0697822436783416,-0.003575322405851,-6.462589459986988,-0.162003903708523,-1.8299999999999983,-4.160000000000004,-1.12,-0.2,0.1132075471698113,0.07102519992024973
1610612747,Los Angeles Lakers,LAL,2023-24,47,47.5,-0.5,0,0,0,0.099073548875026,0.0903399760433162,-0.0155326485846865,2.2788461538461537,0.1181318681318681,-0.4800000000000004,-3.2099999999999937,-1.0099999999999998,-0.14,-0.1925824175824176,0.013905992870441173
1610612748,Miami Heat,MIA,2023-24,46,45.5,0.5,0,0,0,-1.6553398058252426,-0.0019734421315824,0.03978976031838,4.725925925925925,0.0471380471380471,1.4800000000000004,-0.9400000000000048,0.92,-0.38,-0.112053872053872,0.12860001237113045
1610612749,Milwaukee Bucks,MIL,2023-24,49,54.5,-5.5,0,0,0,0.2218702865761663,-0.0401382983840958,-0.011330661551616,-1.7554945054945053,-0.0865384615384615,0.0099999999999997,-5.299999999999997,0.08,0.13,0.1107142857142857,0.3091900261884082
1610612750,Minnesota Timberwolves,MIN,2023-24,56,44.5,11.5,0,0,0,0.5868092691622131,-0.1070557174868804,0.0009551567070618,-2.43973063973064,-0.0794612794612794,1.8500000000000016,-5.259999999999998,0.0,-0.12,0.1124579124579124,0.16012344913231458
1610612751,Brooklyn Nets,BKN,2023-24,32,37.5,-5.5,0,0,0,1.5493884297520673,0.0239093742613973,-0.0435309478972723,-1.7936507936507935,0.0039682539682539,-1.3699999999999992,-5.07,0.3000000000000007,0.0,-0.1817460317460317,0.10278233189523006
1610612752,New York Knicks,NYK,2023-24,50,45.5,4.5,0,0,0,5.34859219727641,-0.0527478534419617,0.0,0.1212121212121211,0.0296296296296296,1.83,-2.3299999999999983,-0.6699999999999999,-0.12,0.1554208754208754,0.11703191295813908
1610612753,Orlando Magic,ORL,2023-24,47,37.5,9.5,0,0,0,-0.6215719319748736,0.0691494454094122,-0.0208525243619008,3.4976430976430977,0.0841750841750842,-0.75,-5.589999999999996,0.1399999999999996,-0.14,-0.1255218855218855,0.01055736145672461
1610612754,Indiana Pacers,IND,2023-24,47,38.5,8.5,0,0,0,0.6238095238095234,-0.0667074730862268,-0.017131114135068,5.1098901098901095,0.0618131868131868,0.4199999999999999,-4.580000000000005,-0.4899999999999993,-0.1699999999999999,-0.0434065934065933,0.06689293371062792
1610612755,Philadelphia 76ers,PHI,2023-24,47,48.5,-1.5,0,0,0,0.0755522827687755,-0.0406440993603109,0.0,-3.924603174603175,-0.0568783068783068,1.2399999999999984,-3.1999999999999957,-0.7999999999999998,0.2199999999999999,-0.0484126984126984,0.1444441205441
1610612756,Phoenix Suns,PHX,2023-24,49,51.5,-2.5,0,0,0,0.1601598173515981,0.0971089112140262,-0.072175792647977,-0.5878787878787879,-0.0074074074074074,-1.7100000000000009,-4.789999999999999,-1.5999999999999996,0.0299999999999999,-0.0925252525252525,0.008378314060047643
1610612757,Portland Trail Blazers,POR,2023-24,21,28.5,-7.5,1,1,1,2.526075268817209,-0.2609435613572121,-0.0241863626811275,-0.5595238095238084,-0.0634920634920635,-0.8399999999999999,-3.8699999999999974,-0.1699999999999999,-0.19,0.4031746031746032,0.932652936058754
1610612758,Sacramento Kings,SAC,2023-24,46,44.5,1.5,0,0,0,0.8264056467181469,-0.0150618190133814,0.0776995235866225,3.697089947089947,-0.0383597883597883,2.8099999999999987,-3.82,0.2599999999999998,-0.08,0.0449735449735449,0.19257503497578246
1610612759,San Antonio Spurs,SAS,2023-24,22,28.5,-6.5,1,1,1,2.692948717948717,-0.0862532007478941,0.0374462871324428,6.47003367003367,0.2074074074074073,0.1699999999999999,-3.6599999999999966,0.0,-0.06,0.1569023569023569,0.623854586627784
1610612760,Oklahoma City Thunder,OKC,2023-24,57,44.5,12.5,0,0,0,-1.2404300423985468,0.0024367059790082,-0.0129664468682659,0.6719576719576716,0.029100529100529,0.5500000000000007,-6.200000000000003,0.0499999999999998,0.07,0.0558201058201058,0.02919496930128445
1610612761,Toronto Raptors,TOR,2023-24,25,36.5,-11.5,0,0,1,1.6439875913560122,-0.1976195769659394,0.0133834708070516,-7.738720538720539,-0.1232323232323232,0.5800000000000001,-6.630000000000003,-1.7799999999999994,-0.14,0.0187205387205387,0.8671359588129915
1610612762,Utah Jazz,UTA,2023-24,31,35.5,-4.5,1,1,1,3.4366419753086426,-0.2495550529619728,0.0272522610389671,-6.9752747252747245,-0.271978021978022,-1.5300000000000011,-8.490000000000002,-1.4699999999999998,-0.19,0.2697802197802197,0.8544383781322888
1610612763,Memphis Grizzlies,MEM,2023-24,27,45.5,-18.5,0,0,1,2.9852607709750565,-0.2618496846748726,0.1000200662640523,-3.3791208791208796,-0.0879120879120879,1.0599999999999987,-6.799999999999997,0.7299999999999995,-0.5800000000000001,0.3538461538461538,0.9971330348174371
1610612764,Washington Wizards,WAS,2023-24,15,24.5,-9.5,1,1,1,3.7891563652136178,-0.2626356894519144,0.0916398283434257,-0.5859788359788354,0.0476190476190476,-1.5299999999999994,-3.359999999999999,0.08,0.15,0.36005291005291,0.9752073799701244
1610612765,Detroit Pistons,DET,2023-24,14,28.5,-14.5,1,1,1,1.5963031997514747,-0.1412107146111455,-0.0008536388953686,0.0582010582010585,0.0661375661375661,2.290000000000001,-7.759999999999998,-0.29,-0.0999999999999999,0.2007936507936507,0.9428245744309611
1610612766,Charlotte Hornets,CHA,2023-24,21,31.5,-10.5,1,1,1,2.7813384813384836,-0.1076054041721941,-0.0854779000560844,1.455026455026454,0.0449735449735449,1.67,-7.619999999999997,-0.6200000000000001,0.03,-0.0851851851851851,0.647566372343453
1610612737,Atlanta Hawks,ATL,2024-25,40,36.5,3.5,0,0,0,0.97283185840708,-0.0066448113034781,0.0464148142305121,3.8996632996632994,0.0457912457912457,-0.4800000000000004,-0.0500000000000042,-0.6899999999999995,-0.2299999999999999,-0.0534680134680135,0.03577408713923285
1610612738,Boston Celtics,BOS,2024-25,61,58.5,2.5,0,0,0,-0.4431175667771541,-0.094276287391198,-0.002885383942151,0.1124579124579128,0.1057239057239056,1.0299999999999994,-0.8099999999999952,0.3700000000000001,-0.18,0.1294276094276094,0.30957695554150405
1610612739,Cleveland Cavaliers,CLE,2024-25,64,48.5,15.5,0,0,0,-0.7731436837029904,-0.057965458238444,0.0103714901212531,-3.5806878306878307,-0.1005291005291004,-0.2399999999999984,4.140000000000001,-0.1599999999999992,-0.1399999999999999,-0.0722222222222222,0.010200864277806067
1610612740,New Orleans Pelicans,NOP,2024-25,21,46.5,-25.5,1,1,1,-2.0964151252250787,-0.23306190491822,-0.0011454958992093,-1.738047138047138,0.0599326599326599,-2.459999999999999,0.3800000000000025,-0.9699999999999998,0.02,0.2381144781144781,0.9755162833057013
1610612741,Chicago Bulls,CHI,2024-25,39,28.5,10.5,0,0,0,0.0208579299488391,-0.15738689644921,0.0185694348355082,9.505723905723904,0.2296296296296296,0.1400000000000005,4.509999999999998,-0.7100000000000004,0.15,0.2577777777777778,0.11469874011142296
1610612742,Dallas Mavericks,DAL,2024-25,39,49.5,-10.5,0,0,0,-0.659879336349924,-0.0856332425584521,-0.0591823366650857,-10.752747252747252,-0.1895604395604395,-0.7199999999999989,-0.8099999999999952,-0.5,0.15,0.0428571428571428,0.35060441823207705
1610612743,Denver Nuggets,DEN,2024-25,50,51.5,-1.5,0,0,0,1.9109896544993177,-0.0027184352712167,-0.0416485029328805,-5.413468013468013,-0.136026936026936,-1.5,-2.990000000000002,0.5,-0.0399999999999999,0.0471380471380471,0.08539493306100535
1610612744,Golden State Warriors,GSW,2024-25,48,43.5,4.5,0,0,0,1.1929824561403493,0.0174530706537382,-0.05324398926453,9.098316498316498,0.2316498316498316,2.66,-2.5400000000000063,0.6499999999999995,-0.19,-0.2444444444444444,0.0522044278120415
1610612745,Houston Rockets,HOU,2024-25,52,43.5,8.5,0,0,0,-0.2093160377358458,-0.0881020644927382,-0.0510213254372489,1.2794612794612794,0.0484848484848484,-3.0000000000000018,-2.030000000000001,-1.0300000000000002,0.06,0.1457239057239057,0.0368617386676539
1610612746,Los Angeles Clippers,LAC,2024-25,50,35.5,14.5,0,0,0,1.2114215750579405,0.1276520121754659,-0.0201942939627604,5.01984126984127,0.1044973544973545,-1.5500000000000007,-1.4500000000000028,-0.9099999999999993,-0.09,-0.2531746031746031,0.0006499082883277605
1610612747,Los Angeles Lakers,LAL,2024-25,50,43.5,6.5,0,0,0,1.408483896307935,-0.0349989981635939,0.0031083518473796,1.178205128205128,-0.0153846153846154,2.0600000000000005,-2.1799999999999997,0.1699999999999999,0.07,-0.1484615384615384,0.06749951108517727
1610612748,Miami Heat,MIA,2024-25,37,44.5,-7.5,0,0,0,0.4848844101956118,-0.0042733256333811,-0.0280560568708632,4.040338321405335,-0.0579050097592713,-0.1699999999999981,3.019999999999996,-0.5999999999999996,-0.08,-0.1761873780091086,0.04869115324518863
1610612749,Milwaukee Bucks,MIL,2024-25,48,49.5,-1.5,0,0,0,0.450899229232089,0.0500592342295324,-0.042686053971728,3.0520494469746255,0.1080026024723487,-1.3800000000000008,-0.1200000000000045,-0.5800000000000001,-0.11,-0.1230969420949902,0.01888617769859199
1610612750,Minnesota Timberwolves,MIN,2024-25,49,51.5,-2.5,0,0,0,0.1004844200052375,-0.0519374860548442,-3.608319805775348e-05,5.012362637362638,0.1387362637362637,2.6000000000000014,1.6999999999999955,-0.2400000000000002,-0.0199999999999999,0.0802197802197802,0.2133172256536172
1610612751,Brooklyn Nets,BKN,2024-25,26,19.5,6.5,0,0,1,-1.7559857944781747,-0.1620559409983581,-0.0189553402248324,-3.3042328042328046,-0.156084656084656,1.2100000000000009,-0.3699999999999974,0.1899999999999995,0.06,0.0301587301587301,0.2430248056058811
1610612752,New York Knicks,NYK,2024-25,51,53.5,-2.5,0,0,0,-0.4696843853820596,-0.1336190385248898,0.0,-5.408730158730159,-0.1309523809523809,1.4499999999999993,-0.6899999999999977,-0.1600000000000001,0.04,0.1555555555555555,0.4785696420862154
1610612753,Orlando Magic,ORL,2024-25,41,47.5,-6.5,0,0,0,3.1591896619829605,0.1003706024819647,-0.0177212216182578,4.177197802197802,0.0563186813186812,-1.1400000000000006,2.020000000000003,-0.3200000000000003,-0.2199999999999999,-0.0799450549450548,0.016190615185724837
1610612754,Indiana Pacers,IND,2024-25,50,46.5,3.5,0,0,0,-1.952107610913238,-0.0799103950645696,-0.0148131838684636,5.136629798308393,0.1236174365647365,-1.040000000000001,4.310000000000002,0.2200000000000006,0.0499999999999999,0.0674040338321405,0.07925212807046433
1610612755,Philadelphia 76ers,PHI,2024-25,24,50.5,-26.5,1,1,1,1.7520032051282044,-0.2234573347557609,0.0975350779471138,-7.0780423280423275,-0.2275132275132275,-0.9600000000000009,3.990000000000002,-0.9699999999999998,0.04,0.2354497354497354,0.9716493247170499
1610612756,Phoenix Suns,PHX,2024-25,36,48.5,-12.5,0,0,0,-2.7775885684670385,0.0047081123604718,0.0082755436089892,-3.579365079365079,-0.1243386243386243,-1.0300000000000011,-3.519999999999996,-1.1699999999999997,-0.03,-0.0092592592592592,0.17418988155709075
1610612757,Portland Trail Blazers,POR,2024-25,36,21.5,14.5,0,0,0,1.7333908045977005,-0.1712633056395059,0.0514922515843987,8.025589225589226,0.0632996632996633,1.0099999999999998,3.5900000000000034,0.8600000000000003,-0.14,0.288080808080808,0.18903335875821345
1610612758,Sacramento Kings,SAC,2024-25,40,46.5,-6.5,0,0,0,-1.4667875039982974,-0.0578011933730882,0.0,-0.8747474747474748,-0.0646464646464646,-2.610000000000001,-4.969999999999999,-0.5800000000000001,-0.31,-0.0806734006734006,0.2210285024778885
1610612759,San Antonio Spurs,SAS,2024-25,34,35.5,-1.5,0,0,1,-3.134253931722288,-0.1652920010030764,-0.1134910010412018,-3.485897435897436,-0.0756410256410256,1.5600000000000005,-1.1299999999999957,0.4500000000000002,-0.16,0.09,0.5010861447198693
1610612760,Oklahoma City Thunder,OKC,2024-25,68,57.5,10.5,0,0,0,-0.6282051282051277,-0.0775987600831952,0.0561857906358351,-0.1759259259259256,0.0423280423280423,-1.240000000000002,2.9200000000000017,-0.5700000000000003,-0.73,0.1023809523809523,0.042133214421308504
1610612761,Toronto Raptors,TOR,2024-25,30,29.5,0.5,0,0,1,-2.9692620081221115,-0.1579894292877319,-0.0303015841127628,5.01952861952862,0.1723905723905723,-0.0799999999999983,-0.3099999999999951,0.2099999999999999,-0.08,0.1536700336700336,0.4835072162447814
1610612762,Utah Jazz,UTA,2024-25,17,28.5,-11.5,1,1,1,-1.7232854864433804,-0.2150745012812725,0.0587067467726105,-6.640211640211639,-0.0978835978835978,-1.4900000000000002,1.8299999999999983,0.0199999999999995,-0.09,0.3026455026455026,0.9064414156299314
1610612763,Memphis Grizzlies,MEM,2024-25,48,47.5,0.5,0,0,0,1.044303797468352,-0.0578622713544931,0.0190629728822788,-7.75,-0.238095238095238,-1.0600000000000025,-1.5499999999999972,-1.0600000000000005,-0.01,0.078042328042328,0.07908061263230788
1610612764,Washington Wizards,WAS,2024-25,18,20.5,-2.5,1,1,1,-1.468557386294968,-0.1923406969449648,-0.009238912643472,2.890211640211639,0.1547619047619048,0.629999999999999,0.2899999999999991,0.08,0.1399999999999999,0.1568783068783069,0.7206537851550648
1610612765,Detroit Pistons,DET,2024-25,44,25.5,18.5,0,0,0,-1.9236874236874255,-0.0731469130028871,0.0460784601340169,4.342087542087542,0.0282828282828283,-0.9699999999999988,2.3299999999999983,0.1500000000000003,-0.1399999999999999,0.0131986531986532,0.014628263098099734
1610612766,Charlotte Hornets,CHA,2024-25,19,30.5,-11.5,1,1,1,-1.685975609756099,-0.1148884546490799,-0.0289002101410503,-9.814102564102566,-0.0499999999999999,-0.8599999999999994,0.25,-0.7899999999999991,-0.1499999999999999,0.0994871794871794,0.5534720244835422
1610612737,Atlanta Hawks,ATL,2025-26,46,46.5,-0.5,0,0,0,-1.415714098016025,0.0618616946677113,-0.0058362712667691,11.782967032967033,0.3049450549450549,0.2899999999999991,-0.8100000000000023,-0.79,0.09,-0.1041208791208791,0.02396789668300328
1610612738,Boston Celtics,BOS,2025-26,56,41.5,14.5,0,0,0,-1.246164132882882,-0.1403123731074372,0.0523968085869582,2.306878306878306,0.1018518518518518,-3.59,-5.509999999999998,-1.0100000000000002,-0.39,-0.015079365079365,0.08045562296961896
1610612739,Cleveland Cavaliers,CLE,2025-26,52,56.5,-4.5,0,0,0,-1.5982558670441058,-0.0970890820824937,-0.0485804453058369,0.1124579124579128,0.0484848484848484,-2.9800000000000004,-1.7999999999999972,-0.8299999999999996,0.06,-0.0053872053872053,0.18644198065120968
1610612740,New Orleans Pelicans,NOP,2025-26,26,30.5,-4.5,0,0,1,-0.3201288244766509,-0.0308329493614399,0.0116941933200354,4.167582417582418,0.1552197802197802,-0.7899999999999991,3.3500000000000014,-0.8799999999999999,-0.37,-0.0093406593406593,0.0908757723272093
1610612741,Chicago Bulls,CHI,2025-26,31,33.5,-2.5,0,0,0,2.2766492357200327,-0.1715215111892936,0.0336653211006249,-4.163636363636364,-0.1771043771043771,0.879999999999999,0.1400000000000005,-0.4899999999999997,0.07,-0.0009427609427609,0.493611780137264
1610612742,Dallas Mavericks,DAL,2025-26,26,41.5,-15.5,0,0,1,-1.8987563837667167,-0.0436208096271131,0.0421676001250649,-6.001322751322751,-0.1018518518518518,-1.0700000000000005,-3.4399999999999977,-1.6,-0.16,-0.0886243386243386,0.3979182438309411
1610612743,Denver Nuggets,DEN,2025-26,54,53.5,0.5,0,0,0,0.2346563011456623,0.0813868603583265,-0.0373203945993762,3.426262626262626,0.0673400673400673,-1.0100000000000016,-0.740000000000002,-1.54,0.06,-0.0867340067340067,0.006259922279543529
1610612744,Golden State Warriors,GSW,2025-26,37,47.5,-10.5,0,0,0,2.261255411255412,-0.2554921720802593,-0.0062148099382497,-7.280808080808081,-0.2309764309764309,-2.2600000000000016,-0.4299999999999997,-2.05,-0.0999999999999999,0.3955555555555555,0.7966957395419305
1610612745,Houston Rockets,HOU,2025-26,52,52.5,-0.5,0,0,0,0.4664324403454856,-0.0032716582416191,0.0264843938810914,0.5673389720234221,0.0325309043591411,-2.140000000000001,1.6799999999999995,-2.13,-0.0699999999999999,0.0236824983734547,0.019783115219540008
1610612746,Los Angeles Clippers,LAC,2025-26,42,49.5,-7.5,0,0,0,-1.7016121966178943,-0.0352002587778039,-0.0172807976487571,4.568783068783069,0.0899470899470899,0.9800000000000004,-0.6099999999999994,-1.2200000000000002,0.0399999999999999,-0.2552910052910052,0.12714711237954074
1610612747,Los Angeles Lakers,LAL,2025-26,53,46.5,6.5,0,0,0,-0.024380050153244,0.0615070568185621,-0.0170546299879328,5.197089947089947,0.1031746031746031,-0.3599999999999994,-1.0300000000000011,-1.5900000000000003,-0.26,-0.0743386243386243,0.005084436411533481
1610612748,Miami Heat,MIA,2025-26,43,37.5,5.5,0,0,0,-0.703235294117647,0.0346245419325878,0.0532733285640183,-0.2568681318681318,0.0206043956043955,-3.5699999999999985,-0.8699999999999974,-1.1199999999999997,-0.12,-0.0703296703296703,0.009625277538414861
1610612749,Milwaukee Bucks,MIL,2025-26,32,43.5,-11.5,0,0,0,-2.4405250648228183,-0.1486689354192919,0.0,-7.948601171112557,-0.1236174365647365,-2.110000000000001,0.7899999999999991,-0.8300000000000001,-0.0499999999999999,0.1711125569290826,0.6045292282483147
1610612750,Minnesota Timberwolves,MIN,2025-26,49,49.5,-0.5,0,0,0,-1.589724310776944,-0.0600359553548954,0.0129771492848971,-4.967032967032967,-0.0302197802197802,-0.2100000000000008,0.6599999999999966,-0.5,0.0099999999999999,0.1423076923076923,0.1497885354371691
1610612751,Brooklyn Nets,BKN,2025-26,20,19.5,0.5,1,1,1,-3.586111111111112,-0.24726367552675,0.0486272765608654,-7.701366297983083,-0.11060507482108,0.7100000000000009,-0.3199999999999932,-0.5399999999999996,0.0399999999999999,0.3713728041639558,0.8208314814745064
1610612752,New York Knicks,NYK,2025-26,53,53.5,-0.5,0,0,0,-1.1213709677419388,0.0501625951184214,-0.0327650903202199,0.5030303030303029,0.0303030303030302,0.3099999999999987,-2.6199999999999974,-2.1799999999999997,0.12,-0.0457912457912457,0.013860965220328807
1610612753,Orlando Magic,ORL,2025-26,45,51.5,-6.5,0,0,0,-1.3431372549019578,-0.1506784216334569,0.0305650087637933,2.3266102797657773,0.0579050097592712,-0.7600000000000016,0.8599999999999994,-1.2599999999999998,-0.02,0.156929082628497,0.4886656260374026
1610612754,Indiana Pacers,IND,2025-26,19,37.5,-18.5,1,1,1,-1.2589168678854783,-0.2663984738834377,-0.0050115274232878,-1.6195286195286205,-0.1245791245791245,-1.7699999999999996,0.8500000000000014,-1.09,0.2099999999999999,0.173063973063973,0.9371176333299704
1610612755,Philadelphia 76ers,PHI,2025-26,45,43.5,1.5,0,0,0,-1.4198717948717956,-0.0835817266820342,0.0407982938151007,-1.294973544973545,-0.0198412698412698,0.870000000000001,0.0700000000000002,-2.17,-0.12,0.1539682539682539,0.10317200553231934
1610612756,Phoenix Suns,PHX,2025-26,45,30.5,14.5,0,0,0,-2.2041188263167477,-0.1487461984869473,0.0175648198142623,-0.967003367003367,-0.1003367003367003,-3.4499999999999993,0.4600000000000008,-1.42,-0.18,0.1692929292929293,0.028325047600493227
1610612757,Portland Trail Blazers,POR,2025-26,42,35.5,6.5,0,0,0,-0.2169443459766036,-0.0407529950062728,0.001773634104942,5.271978021978022,0.0947802197802197,3.1499999999999986,-0.1199999999999974,-0.4700000000000002,-0.1,0.0749999999999999,0.07164779837360676
1610612758,Sacramento Kings,SAC,2025-26,22,32.5,-10.5,1,1,1,-0.0829253819908011,-0.1954033910812961,0.143680338413004,1.520604395604396,0.1703296703296703,-1.8000000000000007,1.2800000000000011,-1.17,-0.0499999999999999,0.2796703296703296,0.8838018460921466
1610612759,San Antonio Spurs,SAS,2025-26,62,44.5,17.5,0,0,0,-0.8397702104097462,0.0305678618313608,-0.0006169931773867,6.858465608465608,0.1534391534391533,0.1999999999999993,0.3400000000000034,-0.31,-0.01,-0.0917989417989418,0.0036093508076484016
1610612760,Oklahoma City Thunder,OKC,2025-26,64,62.5,1.5,0,0,0,-1.5079547632739114,-0.0589334973730106,-0.0138482173199424,-1.6222527472527482,0.0961538461538461,-2.09,1.7700000000000031,-0.5099999999999998,0.04,0.0697802197802197,0.07586899264674914
1610612761,Toronto Raptors,TOR,2025-26,46,39.5,6.5,0,0,0,-1.7233770386952365,0.0346617792650266,0.0511583283771638,3.9542087542087545,-0.0632996632996633,-0.0700000000000002,-2.6000000000000014,-1.5100000000000002,0.0299999999999999,-0.1031649831649831,0.00947624005933495
1610612762,Utah Jazz,UTA,2025-26,22,18.5,3.5,1,1,1,-0.7932452276064623,-0.3462647546398434,0.1398390856174201,-2.416208791208791,-0.1675824175824176,3.219999999999999,-4.119999999999997,0.1200000000000001,-0.0499999999999999,0.4263736263736264,0.9813891892728511
1610612763,Memphis Grizzlies,MEM,2025-26,25,39.5,-14.5,1,1,1,-2.449137311286844,-0.3020191425021941,-0.1063624853823182,-10.75797007156799,-0.2049446974625894,3.370000000000001,-2.9399999999999977,-0.9099999999999996,-0.09,0.4489264801561483,0.9819400599310637
1610612764,Washington Wizards,WAS,2025-26,17,20.5,-3.5,1,1,1,-3.428782894736841,-0.25842619631248,-0.0813061920494511,-2.8119713728041624,-0.1607026675341574,0.1100000000000029,-7.289999999999999,-1.58,-0.14,0.2039037085230969,0.7783088552431261
1610612765,Detroit Pistons,DET,2025-26,60,46.5,13.5,0,0,0,-1.0770676691729335,-0.0283824157063593,0.0502042114746993,0.5549772283669494,-0.0650618087182823,-1.6999999999999993,1.1799999999999995,-2.48,0.02,0.0396877033181522,0.004092264922625656
1610612766,Charlotte Hornets,CHA,2025-26,44,27.5,16.5,0,0,0,-0.4963541666666664,0.0243146213007018,-0.0389702570308165,8.923905723905724,0.1939393939393939,-1.4600000000000009,2.3699999999999974,-0.4400000000000004,0.21,-0.0754208754208754,0.002134712063861425
