TEAM_ID,SEASON,PM_PRE,PM_POST,DELTA_PM,WR_PRE,WR_POST,DELTA_WR,N_GAMES_PRE,N_GAMES_POST
1610612737,2016-17,-0.4642857142857143,-1.6923076923076923,-1.228021978021978,0.5714285714285714,0.4230769230769231,-0.14835164835164832,56,26
1610612738,2016-17,2.754385964912281,2.36,-0.39438596491228095,0.6491228070175439,0.64,-0.009122807017543866,57,25
1610612739,2016-17,5.381818181818182,-1.2962962962962963,-6.678114478114479,0.7090909090909091,0.4444444444444444,-0.2646464646464647,55,27
1610612740,2016-17,-3.1403508771929824,0.28,3.4203508771929823,0.40350877192982454,0.44,0.03649122807017546,57,25
1610612741,2016-17,-0.6666666666666666,2.92,3.5866666666666664,0.49122807017543857,0.52,0.02877192982456145,57,25
1610612742,2016-17,-2.2857142857142856,-4.3076923076923075,-2.021978021978022,0.39285714285714285,0.4230769230769231,0.030219780219780223,56,26
1610612743,2016-17,-1.1785714285714286,4.153846153846154,5.332417582417583,0.44642857142857145,0.5769230769230769,0.13049450549450542,56,26
1610612744,2016-17,12.821428571428571,9.076923076923077,-3.7445054945054945,0.8392857142857143,0.7692307692307693,-0.07005494505494503,56,26
1610612745,2016-17,6.448275862068965,4.125,-2.3232758620689653,0.6896551724137931,0.625,-0.06465517241379315,58,24
1610612746,2016-17,3.8035714285714284,5.346153846153846,1.5425824175824174,0.625,0.6153846153846154,-0.009615384615384581,56,26
1610612747,2016-17,-6.275862068965517,-8.333333333333334,-2.057471264367817,0.3275862068965517,0.2916666666666667,-0.03591954022988503,58,24
1610612748,2016-17,-1.0,5.76,6.76,0.43859649122807015,0.64,0.20140350877192986,57,25
1610612749,2016-17,0.2727272727272727,-1.1111111111111112,-1.3838383838383839,0.45454545454545453,0.6296296296296297,0.17508417508417512,55,27
1610612750,2016-17,-0.8947368421052632,-1.6,-0.7052631578947369,0.38596491228070173,0.36,-0.025964912280701746,57,25
1610612751,2016-17,-8.75,-2.3846153846153846,6.365384615384615,0.16071428571428573,0.4230769230769231,0.2623626373626373,56,26
1610612752,2016-17,-3.1228070175438596,-4.92,-1.7971929824561403,0.40350877192982454,0.32,-0.08350877192982453,57,25
1610612753,2016-17,-6.586206896551724,-6.541666666666667,0.044540229885057236,0.3620689655172414,0.3333333333333333,-0.028735632183908066,58,24
1610612754,2016-17,-0.9122807017543859,1.36,2.272280701754386,0.5087719298245614,0.52,0.011228070175438587,57,25
1610612755,2016-17,-5.607142857142857,-5.884615384615385,-0.27747252747252826,0.375,0.2692307692307692,-0.10576923076923078,56,26
1610612756,2016-17,-5.456140350877193,-6.04,-0.5838596491228074,0.3157894736842105,0.24,-0.07578947368421052,57,25
1610612757,2016-17,-2.8035714285714284,4.384615384615385,7.188186813186814,0.4107142857142857,0.6923076923076923,0.2815934065934066,56,26
1610612758,2016-17,-2.719298245614035,-6.52,-3.8007017543859645,0.42105263157894735,0.32,-0.10105263157894734,57,25
1610612759,2016-17,8.357142857142858,4.6923076923076925,-3.664835164835165,0.7678571428571429,0.6923076923076923,-0.07554945054945061,56,26
1610612760,2016-17,-0.10526315789473684,2.72,2.825263157894737,0.5614035087719298,0.6,0.038596491228070184,57,25
1610612761,2016-17,4.140350877192983,4.36,0.21964912280701743,0.5789473684210527,0.72,0.14105263157894732,57,25
1610612762,2016-17,4.543859649122807,2.56,-1.9838596491228073,0.6140350877192983,0.64,0.025964912280701746,57,25
1610612763,2016-17,1.293103448275862,-1.4583333333333333,-2.751436781609195,0.5862068965517241,0.375,-0.2112068965517241,58,24
1610612764,2016-17,2.8,-0.2222222222222222,-3.022222222222222,0.6181818181818182,0.5555555555555556,-0.06262626262626259,55,27
1610612765,2016-17,-0.43859649122807015,-2.68,-2.24140350877193,0.47368421052631576,0.4,-0.07368421052631574,57,25
1610612766,2016-17,0.25,0.07692307692307693,-0.17307692307692307,0.42857142857142855,0.46153846153846156,0.032967032967033016,56,26
1610612737,2017-18,-4.135593220338983,-8.826086956521738,-4.690493736182756,0.3050847457627119,0.2608695652173913,-0.04421518054532059,59,23
1610612738,2017-18,3.5084745762711864,3.782608695652174,0.2741341193809874,0.6779661016949152,0.6521739130434783,-0.025792188651436954,59,23
1610612739,2017-18,0.19642857142857142,2.5384615384615383,2.3420329670329667,0.6071428571428571,0.6153846153846154,0.008241758241758323,56,26
1610612740,2017-18,0.15789473684210525,3.92,3.7621052631578946,0.543859649122807,0.68,0.136140350877193,57,25
1610612741,2017-18,-5.894736842105263,-9.64,-3.7452631578947377,0.3508771929824561,0.28,-0.0708771929824561,57,25
1610612742,2017-18,-2.3793103448275863,-4.625,-2.2456896551724137,0.3103448275862069,0.25,-0.060344827586206906,58,24
1610612743,2017-18,1.0344827586206897,2.5416666666666665,1.5071839080459768,0.5517241379310345,0.5833333333333334,0.031609195402298895,58,24
1610612744,2017-18,8.10344827586207,0.8333333333333334,-7.270114942528736,0.7586206896551724,0.5833333333333334,-0.175287356321839,58,24
1610612745,2017-18,8.719298245614034,7.92,-0.7992982456140343,0.7719298245614035,0.84,0.0680701754385965,57,25
1610612746,2017-18,0.9107142857142857,-1.8461538461538463,-2.756868131868132,0.5357142857142857,0.46153846153846156,-0.07417582417582413,56,26
1610612747,2017-18,-2.9473684210526314,1.64,4.5873684210526315,0.40350877192982454,0.48,0.07649122807017544,57,25
1610612748,2017-18,-0.896551724137931,3.7916666666666665,4.688218390804598,0.5172413793103449,0.5833333333333334,0.06609195402298851,58,24
1610612749,2017-18,-0.03508771929824561,-0.92,-0.8849122807017544,0.5614035087719298,0.48,-0.08140350877192981,57,25
1610612750,2017-18,2.9344262295081966,0.19047619047619047,-2.743950039032006,0.5901639344262295,0.5238095238095238,-0.06635441061670566,61,21
1610612751,2017-18,-4.254237288135593,-2.4347826086956523,1.819454679439941,0.3220338983050847,0.391304347826087,0.06927044952100225,59,23
1610612752,2017-18,-2.440677966101695,-6.434782608695652,-3.9941046425939573,0.3898305084745763,0.2608695652173913,-0.128960943257185,59,23
1610612753,2017-18,-4.2105263157894735,-6.2,-1.9894736842105267,0.3157894736842105,0.28,-0.03578947368421048,57,25
1610612754,2017-18,1.3103448275862069,1.5416666666666667,0.2313218390804599,0.5689655172413793,0.625,0.05603448275862066,58,24
1610612755,2017-18,1.981818181818182,9.62962962962963,7.647811447811447,0.5454545454545454,0.8148148148148148,0.26936026936026936,55,27
1610612756,2017-18,-8.94915254237288,-10.434782608695652,-1.4856300663227717,0.3050847457627119,0.13043478260869565,-0.17464996315401624,59,23
1610612757,2017-18,1.0517241379310345,6.333333333333333,5.281609195402298,0.5517241379310345,0.7083333333333334,0.1566091954022989,58,24
1610612758,2017-18,-8.035087719298245,-4.6,3.435087719298245,0.3157894736842105,0.36,0.04421052631578948,57,25
1610612759,2017-18,3.0847457627118646,2.391304347826087,-0.6934414148857777,0.5932203389830508,0.5217391304347826,-0.07148120854826823,59,23
1610612760,2017-18,3.406779661016949,3.4347826086956523,0.02800294767870337,0.559322033898305,0.6521739130434783,0.09285187914517323,59,23
1610612761,2017-18,8.491228070175438,6.16,-2.331228070175438,0.7192982456140351,0.72,0.00070175438596487,57,25
1610612762,2017-18,1.8103448275862069,10.333333333333334,8.522988505747128,0.5172413793103449,0.75,0.23275862068965514,58,24
1610612763,2017-18,-3.7142857142857144,-11.576923076923077,-7.862637362637362,0.32142857142857145,0.15384615384615385,-0.1675824175824176,56,26
1610612764,2017-18,1.894736842105263,-2.4,-4.294736842105263,0.5789473684210527,0.4,-0.17894736842105263,57,25
1610612765,2017-18,-0.10526315789473684,-0.24,-0.13473684210526315,0.49122807017543857,0.44,-0.05122807017543857,57,25
1610612766,2017-18,-0.6140350877192983,2.24,2.8540350877192986,0.42105263157894735,0.48,0.05894736842105264,57,25
1610612737,2018-19,-7.551724137931035,-2.3333333333333335,5.218390804597702,0.3275862068965517,0.4166666666666667,0.08908045977011497,58,24
1610612738,2018-19,6.413793103448276,-0.3333333333333333,-6.747126436781609,0.6379310344827587,0.5,-0.13793103448275867,58,24
1610612739,2018-19,-10.53448275862069,-7.375,3.1594827586206904,0.20689655172413793,0.2916666666666667,0.08477011494252876,58,24
1610612740,2018-19,0.7796610169491526,-6.739130434782608,-7.518791451731761,0.4406779661016949,0.30434782608695654,-0.13633014001473837,59,23
1610612741,2018-19,-8.448275862068966,-8.333333333333334,0.11494252873563227,0.2413793103448276,0.3333333333333333,0.09195402298850572,58,24
1610612742,2018-19,-0.03508771929824561,-4.12,-4.084912280701754,0.45614035087719296,0.28,-0.17614035087719293,57,25
1610612743,2018-19,4.894736842105263,1.8,-3.094736842105263,0.6842105263157895,0.6,-0.08421052631578951,57,25
1610612744,2018-19,7.105263157894737,5.0,-2.105263157894737,0.7192982456140351,0.64,-0.07929824561403509,57,25
1610612745,2018-19,2.087719298245614,10.88,8.792280701754386,0.5789473684210527,0.8,0.2210526315789474,57,25
1610612746,2018-19,0.4576271186440678,1.8695652173913044,1.4119380987472367,0.5423728813559322,0.6956521739130435,0.15327929255711126,59,23
1610612747,2018-19,-1.1929824561403508,-2.92,-1.7270175438596491,0.49122807017543857,0.36,-0.13122807017543858,57,25
1610612748,2018-19,-0.6071428571428571,0.5769230769230769,1.1840659340659339,0.4642857142857143,0.5,0.0357142857142857,56,26
1610612749,2018-19,9.771929824561404,6.8,-2.9719298245614043,0.7543859649122807,0.68,-0.07438596491228067,57,25
1610612750,2018-19,0.17543859649122806,-5.32,-5.495438596491228,0.47368421052631576,0.36,-0.11368421052631578,57,25
1610612751,2018-19,-0.423728813559322,0.8260869565217391,1.249815770081061,0.5084745762711864,0.5217391304347826,0.013264554163596176,59,23
1610612752,2018-19,-8.689655172413794,-10.458333333333334,-1.7686781609195403,0.1896551724137931,0.25,0.060344827586206906,58,24
1610612753,2018-19,-1.0508474576271187,5.217391304347826,6.268238761974945,0.4576271186440678,0.6521739130434783,0.19454679439941047,59,23
1610612754,2018-19,5.224137931034483,-1.25,-6.474137931034483,0.6551724137931034,0.4166666666666667,-0.23850574712643674,58,24
1610612755,2018-19,3.7241379310344827,0.20833333333333334,-3.515804597701149,0.6379310344827587,0.5833333333333334,-0.054597701149425304,58,24
1610612756,2018-19,-10.203389830508474,-7.130434782608695,3.0729550478997787,0.1864406779661017,0.34782608695652173,0.16138540899042003,59,23
1610612757,2018-19,3.017543859649123,6.88,3.862456140350877,0.5964912280701754,0.76,0.1635087719298246,57,25
1610612758,2018-19,-1.2280701754385965,-0.88,0.34807017543859653,0.5263157894736842,0.36,-0.1663157894736842,57,25
1610612759,2018-19,0.9830508474576272,3.4782608695652173,2.49521002210759,0.559322033898305,0.6521739130434783,0.09285187914517323,59,23
1610612760,2018-19,5.245614035087719,-0.8,-6.045614035087719,0.6491228070175439,0.48,-0.1691228070175439,57,25
1610612761,2018-19,5.627118644067797,7.260869565217392,1.6337509211495949,0.7288135593220338,0.6521739130434783,-0.07663964627855557,59,23
1610612762,2018-19,3.245614035087719,9.84,6.594385964912281,0.5614035087719298,0.72,0.15859649122807018,57,25
1610612763,2018-19,-3.1864406779661016,-1.0869565217391304,2.0994841562269713,0.3898305084745763,0.43478260869565216,0.044952100221075875,59,23
1610612764,2018-19,-2.9655172413793105,-2.75,0.2155172413793105,0.41379310344827586,0.3333333333333333,-0.08045977011494254,58,24
1610612765,2018-19,-1.5178571428571428,2.5,4.017857142857142,0.4642857142857143,0.5769230769230769,0.11263736263736257,56,26
1610612766,2018-19,-0.5087719298245614,-2.44,-1.9312280701754385,0.47368421052631576,0.48,0.006315789473684219,57,25
1610612737,2019-20,-8.732142857142858,-4.090909090909091,4.641233766233767,0.26785714285714285,0.45454545454545453,0.18668831168831168,56,11
1610612738,2019-20,6.87037037037037,4.611111111111111,-2.2592592592592595,0.7037037037037037,0.5555555555555556,-0.14814814814814814,54,18
1610612739,2019-20,-8.87037037037037,-3.090909090909091,5.779461279461279,0.25925925925925924,0.45454545454545453,0.19528619528619529,54,11
1610612740,2019-20,-1.5454545454545454,-0.47058823529411764,1.0748663101604277,0.41818181818181815,0.4117647058823529,-0.006417112299465233,55,17
1610612741,2019-20,-3.090909090909091,-3.0,0.09090909090909083,0.34545454545454546,0.3,-0.04545454545454547,55,10
1610612742,2019-20,5.9818181818181815,2.1,-3.8818181818181814,0.6,0.5,-0.09999999999999998,55,20
1610612743,2019-20,3.7636363636363637,-2.9444444444444446,-6.708080808080808,0.6909090909090909,0.4444444444444444,-0.2464646464646465,55,18
1610612744,2019-20,-8.436363636363636,-10.2,-1.7636363636363637,0.21818181818181817,0.3,0.08181818181818182,55,10
1610612745,2019-20,3.7037037037037037,0.7222222222222222,-2.9814814814814814,0.6296296296296297,0.5555555555555556,-0.07407407407407407,54,18
1610612746,2019-20,5.618181818181818,9.117647058823529,3.499465240641711,0.6727272727272727,0.7058823529411765,0.03315508021390379,55,17
1610612747,2019-20,7.415094339622642,1.0,-6.415094339622642,0.7735849056603774,0.6111111111111112,-0.16247379454926625,53,18
1610612748,2019-20,3.3518518518518516,1.7894736842105263,-1.5623781676413253,0.6481481481481481,0.47368421052631576,-0.17446393762183238,54,19
1610612749,2019-20,12.11111111111111,4.315789473684211,-7.7953216374269,0.8518518518518519,0.5263157894736842,-0.3255360623781677,54,19
1610612750,2019-20,-3.547169811320755,-7.909090909090909,-4.361921097770154,0.3018867924528302,0.2727272727272727,-0.02915951972555747,53,11
1610612751,2019-20,-0.4528301886792453,-0.8947368421052632,-0.44190665342601787,0.4716981132075472,0.5263157894736842,0.054617676266137005,53,19
1610612752,2019-20,-6.963636363636364,-3.909090909090909,3.0545454545454547,0.3090909090909091,0.36363636363636365,0.054545454545454564,55,11
1610612753,2019-20,-1.490909090909091,0.4444444444444444,1.9353535353535354,0.43636363636363634,0.5,0.06363636363636366,55,18
1610612754,2019-20,2.1454545454545455,1.3888888888888888,-0.7565656565656567,0.5818181818181818,0.7222222222222222,0.14040404040404042,55,18
1610612755,2019-20,2.418181818181818,2.2777777777777777,-0.1404040404040403,0.6181818181818182,0.5,-0.11818181818181817,55,18
1610612756,2019-20,-1.2,4.555555555555555,5.7555555555555555,0.4,0.6666666666666666,0.2666666666666666,55,18
1610612757,2019-20,-1.8571428571428572,1.0555555555555556,2.912698412698413,0.44642857142857145,0.5555555555555556,0.10912698412698413,56,18
1610612758,2019-20,-2.888888888888889,0.5,3.388888888888889,0.3888888888888889,0.5555555555555556,0.16666666666666669,54,18
1610612759,2019-20,-1.3148148148148149,-0.47058823529411764,0.8442265795206972,0.42592592592592593,0.5294117647058824,0.10348583877995643,54,17
1610612760,2019-20,2.581818181818182,0.058823529411764705,-2.5229946524064175,0.6,0.6470588235294118,0.04705882352941182,55,17
1610612761,2019-20,6.327272727272727,5.9411764705882355,-0.38609625668449166,0.7272727272727273,0.7647058823529411,0.03743315508021383,55,17
1610612762,2019-20,4.074074074074074,-2.3333333333333335,-6.407407407407408,0.6666666666666666,0.4444444444444444,-0.2222222222222222,54,18
1610612763,2019-20,-1.4444444444444444,0.0,1.4444444444444444,0.5185185185185185,0.3157894736842105,-0.20272904483430798,54,19
1610612764,2019-20,-4.226415094339623,-5.894736842105263,-1.6683217477656402,0.37735849056603776,0.2631578947368421,-0.11420059582919567,53,19
1610612765,2019-20,-2.5964912280701755,-9.666666666666666,-7.070175438596491,0.3333333333333333,0.1111111111111111,-0.2222222222222222,57,9
1610612766,2019-20,-7.296296296296297,-4.090909090909091,3.205387205387206,0.3333333333333333,0.45454545454545453,0.12121212121212122,54,11
1610612737,2020-21,0.4166666666666667,4.222222222222222,3.805555555555556,0.4444444444444444,0.6944444444444444,0.25,36,36
1610612738,2020-21,0.8888888888888888,2.0277777777777777,1.1388888888888888,0.5277777777777778,0.4722222222222222,-0.05555555555555558,36,36
1610612739,2020-21,-7.472222222222222,-9.416666666666666,-1.9444444444444438,0.3888888888888889,0.2222222222222222,-0.16666666666666669,36,36
1610612740,2020-21,-0.4166666666666667,-0.16666666666666666,0.25,0.4166666666666667,0.4444444444444444,0.027777777777777735,36,36
1610612741,2020-21,-0.20588235294117646,-1.5,-1.2941176470588236,0.47058823529411764,0.39473684210526316,-0.07585139318885448,34,38
1610612742,2020-21,-0.5294117647058824,4.7631578947368425,5.292569659442725,0.5294117647058824,0.631578947368421,0.10216718266253866,34,38
1610612743,2020-21,5.305555555555555,4.555555555555555,-0.75,0.5833333333333334,0.7222222222222222,0.13888888888888884,36,36
1610612744,2020-21,0.4864864864864865,1.6571428571428573,1.1706563706563706,0.5135135135135135,0.5714285714285714,0.05791505791505791,37,35
1610612745,2020-21,-5.264705882352941,-10.263157894736842,-4.998452012383901,0.3235294117647059,0.15789473684210525,-0.16563467492260064,34,38
1610612746,2020-21,5.394736842105263,7.0588235294117645,1.6640866873065017,0.631578947368421,0.6764705882352942,0.04489164086687314,38,34
1610612747,2020-21,5.054054054054054,0.4,-4.654054054054054,0.6486486486486487,0.5142857142857142,-0.13436293436293445,37,35
1610612748,2020-21,-1.5833333333333333,1.6388888888888888,3.2222222222222223,0.5,0.6111111111111112,0.11111111111111116,36,36
1610612749,2020-21,6.277777777777778,5.5,-0.7777777777777777,0.6111111111111112,0.6666666666666666,0.05555555555555547,36,36
1610612750,2020-21,-9.083333333333334,-2.0277777777777777,7.055555555555556,0.19444444444444445,0.4444444444444444,0.24999999999999997,36,36
1610612751,2020-21,5.0,3.9714285714285715,-1.0285714285714285,0.6486486486486487,0.6857142857142857,0.037065637065637036,37,35
1610612752,2020-21,0.4594594594594595,4.257142857142857,3.7976833976833975,0.5135135135135135,0.6285714285714286,0.11505791505791507,37,35
1610612753,2020-21,-6.583333333333333,-12.027777777777779,-5.4444444444444455,0.3611111111111111,0.2222222222222222,-0.1388888888888889,36,36
1610612754,2020-21,0.22857142857142856,-0.2972972972972973,-0.5258687258687259,0.45714285714285713,0.4864864864864865,0.029343629343629385,35,37
1610612755,2020-21,3.5,7.666666666666667,4.166666666666667,0.6666666666666666,0.6944444444444444,0.02777777777777779,36,36
1610612756,2020-21,6.485714285714286,5.1891891891891895,-1.2965250965250963,0.6857142857142857,0.7297297297297297,0.044015444015443994,35,37
1610612757,2020-21,-0.42857142857142855,3.891891891891892,4.320463320463321,0.6,0.5675675675675675,-0.032432432432432434,35,37
1610612758,2020-21,-5.638888888888889,-1.7222222222222223,3.916666666666667,0.3888888888888889,0.4722222222222222,0.08333333333333331,36,36
1610612759,2020-21,0.03125,-3.15,-3.18125,0.5625,0.375,-0.1875,32,40
1610612760,2020-21,-5.527777777777778,-15.75,-10.222222222222221,0.4166666666666667,0.19444444444444445,-0.22222222222222224,36,36
1610612761,2020-21,1.4166666666666667,-2.361111111111111,-3.7777777777777777,0.4722222222222222,0.2777777777777778,-0.19444444444444442,36,36
1610612762,2020-21,8.805555555555555,9.694444444444445,0.8888888888888893,0.75,0.6944444444444444,-0.05555555555555558,36,36
1610612763,2020-21,0.8125,1.2,0.38749999999999996,0.5,0.55,0.050000000000000044,32,40
1610612764,2020-21,-4.382352941176471,0.4473684210526316,4.829721362229103,0.4117647058823529,0.5263157894736842,0.11455108359133126,34,38
1610612765,2020-21,-3.9166666666666665,-5.027777777777778,-1.1111111111111112,0.2777777777777778,0.2777777777777778,0.0,36,36
1610612766,2020-21,-0.45714285714285713,-3.324324324324324,-2.867181467181467,0.4857142857142857,0.43243243243243246,-0.05328185328185325,35,37
1610612737,2021-22,0.4827586206896552,4.166666666666667,3.6839080459770117,0.4827586206896552,0.625,0.1422413793103448,58,24
1610612738,2021-22,5.4,12.409090909090908,7.009090909090908,0.5666666666666667,0.7727272727272727,0.20606060606060606,60,22
1610612739,2021-22,4.137931034482759,-2.75,-6.887931034482759,0.603448275862069,0.375,-0.22844827586206895,58,24
1610612740,2021-22,-3.2033898305084745,4.695652173913044,7.899042004421519,0.3898305084745763,0.5652173913043478,0.1753868828297715,59,23
1610612741,2021-22,2.2542372881355934,-7.173913043478261,-9.428150331613853,0.6440677966101694,0.34782608695652173,-0.2962417096536477,59,23
1610612742,2021-22,3.3559322033898304,3.1739130434782608,-0.1820191599115697,0.5932203389830508,0.7391304347826086,0.14591009579955783,59,23
1610612743,2021-22,2.086206896551724,2.8333333333333335,0.7471264367816093,0.5689655172413793,0.625,0.05603448275862066,58,24
1610612744,2021-22,6.915254237288136,2.0,-4.915254237288136,0.711864406779661,0.4782608695652174,-0.2336035372144436,59,23
1610612745,2021-22,-9.655172413793103,-5.625,4.030172413793103,0.25862068965517243,0.20833333333333334,-0.05028735632183909,58,24
1610612746,2021-22,-0.8360655737704918,2.5238095238095237,3.359875097580016,0.4918032786885246,0.5714285714285714,0.07962529274004682,61,21
1610612747,2021-22,-1.4655172413793103,-6.875,-5.4094827586206895,0.46551724137931033,0.25,-0.21551724137931033,58,24
1610612748,2021-22,4.47457627118644,4.391304347826087,-0.08327192336035338,0.6440677966101694,0.6521739130434783,0.00810611643330883,59,23
1610612749,2021-22,3.35,3.3636363636363638,0.013636363636363669,0.6,0.6818181818181818,0.08181818181818179,60,22
1610612750,2021-22,1.4576271186440677,5.6521739130434785,4.194546794399411,0.5254237288135594,0.6521739130434783,0.1267501842299189,59,23
1610612751,2021-22,0.0,2.782608695652174,2.782608695652174,0.5254237288135594,0.5652173913043478,0.03979366249078842,59,23
1610612752,2021-22,-1.5084745762711864,3.4347826086956523,4.943257184966839,0.423728813559322,0.5217391304347826,0.09801031687546058,59,23
1610612753,2021-22,-8.633333333333333,-6.2727272727272725,2.3606060606060604,0.21666666666666667,0.4090909090909091,0.19242424242424244,60,22
1610612754,2021-22,-2.65,-5.7272727272727275,-3.0772727272727276,0.3333333333333333,0.22727272727272727,-0.10606060606060605,60,22
1610612755,2021-22,1.5517241379310345,5.166666666666667,3.6149425287356323,0.603448275862069,0.6666666666666666,0.06321839080459768,58,24
1610612756,2021-22,8.137931034482758,5.958333333333333,-2.179597701149425,0.8275862068965517,0.6666666666666666,-0.16091954022988508,58,24
1610612757,2021-22,-3.864406779661017,-21.73913043478261,-17.874723655121592,0.423728813559322,0.08695652173913043,-0.3367722918201916,59,23
1610612758,2021-22,-5.0,-6.7272727272727275,-1.7272727272727275,0.36666666666666664,0.36363636363636365,-0.0030303030303029943,60,22
1610612759,2021-22,0.13559322033898305,0.08695652173913043,-0.04863669859985262,0.3898305084745763,0.4782608695652174,0.08843036109064112,59,23
1610612760,2021-22,-6.637931034482759,-11.625,-4.987068965517241,0.3103448275862069,0.25,-0.060344827586206906,58,24
1610612761,2021-22,1.7719298245614035,3.48,1.7080701754385965,0.5614035087719298,0.64,0.07859649122807022,57,25
1610612762,2021-22,6.862068965517241,4.041666666666667,-2.820402298850574,0.6206896551724138,0.5416666666666666,-0.07902298850574718,58,24
1610612763,2021-22,4.85,7.954545454545454,3.1045454545454545,0.6833333333333333,0.6818181818181818,-0.0015151515151515804,60,22
1610612764,2021-22,-2.793103448275862,-4.791666666666667,-1.9985632183908049,0.46551724137931033,0.3333333333333333,-0.13218390804597702,58,24
1610612765,2021-22,-10.051724137931034,-2.0833333333333335,7.9683908045977,0.22413793103448276,0.4166666666666667,0.19252873563218392,58,24
1610612766,2021-22,-0.9,4.090909090909091,4.990909090909091,0.48333333333333334,0.6363636363636364,0.15303030303030302,60,22
1610612737,2022-23,-0.3559322033898305,1.9565217391304348,2.3124539425202655,0.4915254237288136,0.5217391304347826,0.030213706705969012,59,23
1610612738,2022-23,6.135593220338983,7.521739130434782,1.3861459100957996,0.711864406779661,0.6521739130434783,-0.05969049373618274,59,23
1610612739,2022-23,5.622950819672131,4.666666666666667,-0.9562841530054644,0.6229508196721312,0.6190476190476191,-0.0039032006245121043,61,21
1610612740,2022-23,1.4067796610169492,3.130434782608696,1.7236551215917466,0.5084745762711864,0.5217391304347826,0.013264554163596176,59,23
1610612741,2022-23,-0.288135593220339,5.3478260869565215,5.635961680176861,0.4406779661016949,0.6086956521739131,0.16801768607221818,59,23
1610612742,2022-23,0.48333333333333334,-1.0454545454545454,-1.5287878787878788,0.5166666666666667,0.3181818181818182,-0.19848484848484854,60,22
1610612743,2022-23,4.3559322033898304,0.6956521739130435,-3.660280029476787,0.6949152542372882,0.5217391304347826,-0.17317612380250558,59,23
1610612744,2022-23,0.08620689655172414,5.958333333333333,5.872126436781609,0.5,0.625,0.125,58,24
1610612745,2022-23,-8.39655172413793,-6.541666666666667,1.8548850574712636,0.22413793103448276,0.375,0.15086206896551724,58,24
1610612746,2022-23,0.3114754098360656,1.0476190476190477,0.7361436377829821,0.5409836065573771,0.5238095238095238,-0.01717408274785326,61,21
1610612747,2022-23,-1.152542372881356,5.0,6.152542372881356,0.4576271186440678,0.6956521739130435,0.23802505526897566,59,23
1610612748,2022-23,0.03389830508474576,-1.2173913043478262,-1.2512896094325718,0.5423728813559322,0.5217391304347826,-0.020633750921149607,59,23
1610612749,2022-23,3.2241379310344827,4.625,1.4008620689655173,0.7068965517241379,0.7083333333333334,0.00143678160919547,58,24
1610612750,2022-23,-0.06557377049180328,0.047619047619047616,0.1131928181108509,0.5081967213114754,0.5238095238095238,0.015612802498048417,61,21
1610612751,2022-23,1.7241379310344827,-1.25,-2.9741379310344827,0.5862068965517241,0.4583333333333333,-0.12787356321839077,58,24
1610612752,2022-23,2.2333333333333334,4.818181818181818,2.584848484848485,0.55,0.6363636363636364,0.08636363636363631,60,22
1610612753,2022-23,-2.76271186440678,-2.0434782608695654,0.7192336035372144,0.4067796610169492,0.43478260869565216,0.028002947678702983,59,23
1610612754,2022-23,-2.6333333333333333,-4.681818181818182,-2.0484848484848484,0.43333333333333335,0.4090909090909091,-0.024242424242424232,60,22
1610612755,2022-23,3.8947368421052633,5.28,1.385263157894737,0.6666666666666666,0.64,-0.026666666666666616,57,25
1610612756,2022-23,1.3666666666666667,4.0,2.6333333333333333,0.5333333333333333,0.5909090909090909,0.05757575757575761,60,22
1610612757,2022-23,-0.15517241379310345,-13.333333333333334,-13.17816091954023,0.4827586206896552,0.20833333333333334,-0.2744252873563219,58,24
1610612758,2022-23,2.280701754385965,3.48,1.199298245614035,0.5614035087719298,0.64,0.07859649122807022,57,25
1610612759,2022-23,-10.169491525423728,-9.695652173913043,0.47383935151068535,0.23728813559322035,0.34782608695652173,0.11053795136330138,59,23
1610612760,2022-23,1.6491228070175439,-0.2,-1.8491228070175438,0.49122807017543857,0.48,-0.011228070175438587,57,25
1610612761,2022-23,0.864406779661017,3.0434782608695654,2.1790714812085485,0.4745762711864407,0.5652173913043478,0.09064112011790709,59,23
1610612762,2022-23,0.3333333333333333,-4.409090909090909,-4.742424242424242,0.48333333333333334,0.36363636363636365,-0.11969696969696969,60,22
1610612763,2022-23,3.912280701754386,4.0,0.08771929824561386,0.6140350877192983,0.64,0.025964912280701746,57,25
1610612764,2022-23,0.29310344827586204,-4.833333333333333,-5.126436781609195,0.4827586206896552,0.2916666666666667,-0.1910919540229885,58,24
1610612765,2022-23,-7.593220338983051,-9.826086956521738,-2.2328666175386873,0.2542372881355932,0.08695652173913043,-0.16728076639646278,59,23
1610612766,2022-23,-6.416666666666667,-5.7727272727272725,0.6439393939393945,0.2833333333333333,0.45454545454545453,0.1712121212121212,60,22
1610612737,2023-24,-2.5636363636363635,-1.4074074074074074,1.156228956228956,0.43636363636363634,0.4444444444444444,0.008080808080808077,55,27
1610612738,2023-24,10.10909090909091,13.851851851851851,3.742760942760942,0.7818181818181819,0.7777777777777778,-0.004040404040404066,55,27
1610612739,2023-24,5.679245283018868,-3.5517241379310347,-9.230969420949902,0.6792452830188679,0.41379310344827586,-0.26545217957059203,53,29
1610612740,2023-24,4.236363636363636,4.777777777777778,0.5414141414141413,0.6,0.5925925925925926,-0.007407407407407418,55,27
1610612741,2023-24,-1.1454545454545455,-2.037037037037037,-0.8915824915824917,0.4727272727272727,0.48148148148148145,0.008754208754208737,55,27
1610612742,2023-24,1.4181818181818182,3.814814814814815,2.396632996632997,0.5818181818181818,0.6666666666666666,0.08484848484848484,55,27
1610612743,2023-24,3.1272727272727274,9.592592592592593,6.4653198653198665,0.6545454545454545,0.7777777777777778,0.12323232323232325,55,27
1610612744,2023-24,1.5471698113207548,4.551724137931035,3.00455432661028,0.5094339622641509,0.6551724137931034,0.14573845152895248,53,29
1610612745,2023-24,0.5925925925925926,2.142857142857143,1.5502645502645502,0.4444444444444444,0.6071428571428571,0.16269841269841268,54,28
1610612746,2023-24,5.566037735849057,-0.896551724137931,-6.462589459986988,0.6792452830188679,0.5172413793103449,-0.16200390370852302,53,29
1610612747,2023-24,-0.125,2.1538461538461537,2.2788461538461537,0.5357142857142857,0.6538461538461539,0.11813186813186816,56,26
1610612748,2023-24,0.2,4.925925925925926,4.725925925925925,0.5454545454545454,0.5925925925925926,0.047138047138047146,55,27
1610612749,2023-24,3.1785714285714284,1.4230769230769231,-1.7554945054945053,0.625,0.5384615384615384,-0.08653846153846156,56,26
1610612750,2023-24,7.254545454545455,4.814814814814815,-2.43973063973064,0.7090909090909091,0.6296296296296297,-0.07946127946127945,55,27
1610612751,2023-24,-2.2777777777777777,-4.071428571428571,-1.7936507936507935,0.3888888888888889,0.39285714285714285,0.003968253968253954,54,28
1610612752,2023-24,4.545454545454546,4.666666666666667,0.1212121212121211,0.6,0.6296296296296297,0.029629629629629672,55,27
1610612753,2023-24,0.8727272727272727,4.37037037037037,3.4976430976430977,0.5454545454545454,0.6296296296296297,0.08417508417508424,55,27
1610612754,2023-24,1.4285714285714286,6.538461538461538,5.1098901098901095,0.5535714285714286,0.6153846153846154,0.061813186813186816,56,26
1610612755,2023-24,4.388888888888889,0.4642857142857143,-3.924603174603175,0.5925925925925926,0.5357142857142857,-0.05687830687830686,54,28
1610612756,2023-24,3.2545454545454544,2.6666666666666665,-0.5878787878787879,0.6,0.5925925925925926,-0.007407407407407418,55,27
1610612757,2023-24,-8.833333333333334,-9.392857142857142,-0.5595238095238084,0.2777777777777778,0.21428571428571427,-0.06349206349206352,54,28
1610612758,2023-24,0.48148148148148145,4.178571428571429,3.6970899470899474,0.5740740740740741,0.5357142857142857,-0.03835978835978837,54,28
1610612759,2023-24,-8.618181818181819,-2.1481481481481484,6.47003367003367,0.2,0.4074074074074074,0.20740740740740737,55,27
1610612760,2023-24,7.185185185185185,7.857142857142857,0.6719576719576716,0.6851851851851852,0.7142857142857143,0.02910052910052907,54,28
1610612761,2023-24,-3.890909090909091,-11.62962962962963,-7.738720538720539,0.34545454545454546,0.2222222222222222,-0.12323232323232325,55,27
1610612762,2023-24,-2.6785714285714284,-9.653846153846153,-6.9752747252747245,0.4642857142857143,0.19230769230769232,-0.271978021978022,56,26
1610612763,2023-24,-5.928571428571429,-9.307692307692308,-3.3791208791208796,0.35714285714285715,0.2692307692307692,-0.08791208791208793,56,26
1610612764,2023-24,-9.092592592592593,-9.678571428571429,-0.5859788359788354,0.16666666666666666,0.21428571428571427,0.047619047619047616,54,28
1610612765,2023-24,-9.12962962962963,-9.071428571428571,0.058201058201058586,0.14814814814814814,0.21428571428571427,0.06613756613756613,54,28
1610612766,2023-24,-10.74074074074074,-9.285714285714286,1.455026455026454,0.24074074074074073,0.2857142857142857,0.04497354497354497,54,28
1610612737,2024-25,-2.418181818181818,1.4814814814814814,3.8996632996632994,0.4727272727272727,0.5185185185185185,0.04579124579124577,55,27
1610612738,2024-25,9.072727272727272,9.185185185185185,0.11245791245791281,0.7090909090909091,0.8148148148148148,0.10572390572390566,55,27
1610612739,2024-25,10.75925925925926,7.178571428571429,-3.5806878306878307,0.8148148148148148,0.7142857142857143,-0.10052910052910047,54,28
1610612740,2024-25,-8.854545454545455,-10.592592592592593,-1.738047138047138,0.23636363636363636,0.2962962962962963,0.05993265993265992,55,27
1610612741,2024-25,-4.6909090909090905,4.814814814814815,9.505723905723904,0.4,0.6296296296296297,0.22962962962962963,55,27
1610612742,2024-25,2.2142857142857144,-8.538461538461538,-10.752747252747252,0.5357142857142857,0.34615384615384615,-0.18956043956043955,56,26
1610612743,2024-25,5.672727272727273,0.25925925925925924,-5.413468013468013,0.6545454545454545,0.5185185185185185,-0.13602693602693605,55,27
1610612744,2024-25,0.3090909090909091,9.407407407407407,9.098316498316498,0.509090909090909,0.7407407407407407,0.23164983164983166,55,27
1610612745,2024-25,4.090909090909091,5.37037037037037,1.2794612794612794,0.6181818181818182,0.6666666666666666,0.048484848484848464,55,27
1610612746,2024-25,2.9444444444444446,7.964285714285714,5.01984126984127,0.5740740740740741,0.6785714285714286,0.10449735449735453,54,28
1610612747,2024-25,0.7884615384615384,1.9666666666666666,1.178205128205128,0.6153846153846154,0.6,-0.015384615384615441,52,30
1610612748,2024-25,-0.8679245283018868,3.1724137931034484,4.040338321405335,0.4716981132075472,0.41379310344827586,-0.05790500975927132,53,29
1610612749,2024-25,1.3962264150943395,4.448275862068965,3.0520494469746255,0.5471698113207547,0.6551724137931034,0.10800260247234872,53,29
1610612750,2024-25,3.4107142857142856,8.423076923076923,5.012362637362638,0.5535714285714286,0.6923076923076923,0.1387362637362637,56,26
1610612751,2024-25,-5.981481481481482,-9.285714285714286,-3.3042328042328046,0.37037037037037035,0.21428571428571427,-0.15608465608465608,54,28
1610612752,2024-25,5.944444444444445,0.5357142857142857,-5.408730158730159,0.6666666666666666,0.5357142857142857,-0.13095238095238093,54,28
1610612753,2024-25,-1.4464285714285714,2.730769230769231,4.177197802197802,0.48214285714285715,0.5384615384615384,0.056318681318681285,56,26
1610612754,2024-25,0.41509433962264153,5.551724137931035,5.136629798308393,0.5660377358490566,0.6896551724137931,0.12361743656473656,53,29
1610612755,2024-25,-3.814814814814815,-10.892857142857142,-7.0780423280423275,0.37037037037037035,0.14285714285714285,-0.2275132275132275,54,28
1610612756,2024-25,-1.7777777777777777,-5.357142857142857,-3.579365079365079,0.48148148148148145,0.35714285714285715,-0.1243386243386243,54,28
1610612757,2024-25,-5.618181818181818,2.4074074074074074,8.025589225589226,0.41818181818181815,0.48148148148148145,0.0632996632996633,55,27
1610612758,2024-25,0.7636363636363637,-0.1111111111111111,-0.8747474747474748,0.509090909090909,0.4444444444444444,-0.06464646464646462,55,27
1610612759,2024-25,-1.4807692307692308,-4.966666666666667,-3.485897435897436,0.4423076923076923,0.36666666666666664,-0.07564102564102565,52,30
1610612760,2024-25,12.925925925925926,12.75,-0.1759259259259256,0.8148148148148148,0.8571428571428571,0.042328042328042326,54,28
1610612761,2024-25,-5.945454545454545,-0.9259259259259259,5.01952861952862,0.3090909090909091,0.48148148148148145,0.17239057239057237,55,27
1610612762,2024-25,-7.074074074074074,-13.714285714285714,-6.640211640211639,0.24074074074074073,0.14285714285714285,-0.09788359788359788,54,28
1610612763,2024-25,7.5,-0.25,-7.75,0.6666666666666666,0.42857142857142855,-0.23809523809523808,54,28
1610612764,2024-25,-13.425925925925926,-10.535714285714286,2.890211640211639,0.16666666666666666,0.32142857142857145,0.1547619047619048,54,28
1610612765,2024-25,0.4727272727272727,4.814814814814815,4.342087542087542,0.5272727272727272,0.5555555555555556,0.028282828282828354,55,27
1610612766,2024-25,-5.519230769230769,-15.333333333333334,-9.814102564102566,0.25,0.2,-0.04999999999999999,52,30
1610612737,2025-26,-1.3214285714285714,10.461538461538462,11.782967032967033,0.4642857142857143,0.7692307692307693,0.30494505494505497,56,26
1610612738,2025-26,6.907407407407407,9.214285714285714,2.306878306878306,0.6481481481481481,0.75,0.10185185185185186,54,28
1610612739,2025-26,4.072727272727272,4.185185185185185,0.11245791245791281,0.6181818181818182,0.6666666666666666,0.048484848484848464,55,27
1610612740,2025-26,-5.821428571428571,-1.6538461538461537,4.167582417582418,0.26785714285714285,0.4230769230769231,0.15521978021978022,56,26
1610612741,2025-26,-3.8363636363636364,-8.0,-4.163636363636364,0.43636363636363634,0.25925925925925924,-0.1771043771043771,55,27
1610612742,2025-26,-3.462962962962963,-9.464285714285714,-6.001322751322751,0.35185185185185186,0.25,-0.10185185185185186,54,28
1610612743,2025-26,4.0181818181818185,7.444444444444445,3.426262626262626,0.6363636363636364,0.7037037037037037,0.06734006734006737,55,27
1610612744,2025-26,1.8363636363636364,-5.444444444444445,-7.280808080808081,0.5272727272727272,0.2962962962962963,-0.23097643097643095,55,27
1610612745,2025-26,5.018867924528302,5.586206896551724,0.5673389720234221,0.6226415094339622,0.6551724137931034,0.03253090435914119,53,29
1610612746,2025-26,-0.42592592592592593,4.142857142857143,4.568783068783069,0.48148148148148145,0.5714285714285714,0.08994708994708994,54,28
1610612747,2025-26,-0.018518518518518517,5.178571428571429,5.197089947089947,0.6111111111111112,0.7142857142857143,0.10317460317460314,54,28
1610612748,2025-26,2.4107142857142856,2.1538461538461537,-0.25686813186813184,0.5178571428571429,0.5384615384615384,0.02060439560439553,56,26
1610612749,2025-26,-3.3962264150943398,-11.344827586206897,-7.948601171112557,0.4339622641509434,0.3103448275862069,-0.1236174365647365,53,29
1610612750,2025-26,4.928571428571429,-0.038461538461538464,-4.967032967032967,0.6071428571428571,0.5769230769230769,-0.030219780219780223,56,26
1610612751,2025-26,-7.264150943396227,-14.96551724137931,-7.701366297983083,0.2830188679245283,0.1724137931034483,-0.11060507482108001,53,29
1610612752,2025-26,6.163636363636364,6.666666666666667,0.5030303030303029,0.6363636363636364,0.6666666666666666,0.030303030303030276,55,27
1610612753,2025-26,-0.18867924528301888,2.1379310344827585,2.3266102797657773,0.5283018867924528,0.5862068965517241,0.057905009759271264,53,29
1610612754,2025-26,-7.454545454545454,-9.074074074074074,-1.6195286195286203,0.2727272727272727,0.14814814814814814,-0.12457912457912457,55,27
1610612755,2025-26,0.25925925925925924,-1.0357142857142858,-1.294973544973545,0.5555555555555556,0.5357142857142857,-0.019841269841269882,54,28
1610612756,2025-26,1.7818181818181817,0.8148148148148148,-0.967003367003367,0.5818181818181818,0.48148148148148145,-0.10033670033670034,55,27
1610612757,2025-26,-1.9642857142857142,3.3076923076923075,5.271978021978022,0.48214285714285715,0.5769230769230769,0.09478021978021972,56,26
1610612758,2025-26,-10.482142857142858,-8.961538461538462,1.520604395604396,0.21428571428571427,0.38461538461538464,0.17032967032967036,56,26
1610612759,2025-26,5.962962962962963,12.821428571428571,6.858465608465608,0.7037037037037037,0.8571428571428571,0.15343915343915338,54,28
1610612760,2025-26,11.660714285714286,10.038461538461538,-1.6222527472527482,0.75,0.8461538461538461,0.09615384615384615,56,26
1610612761,2025-26,1.5272727272727273,5.481481481481482,3.9542087542087545,0.5818181818181818,0.5185185185185185,-0.0632996632996633,55,27
1610612762,2025-26,-7.660714285714286,-10.076923076923077,-2.416208791208791,0.32142857142857145,0.15384615384615385,-0.1675824175824176,56,26
1610612763,2025-26,-2.207547169811321,-12.96551724137931,-10.75797007156799,0.37735849056603776,0.1724137931034483,-0.20494469746258948,53,29
1610612764,2025-26,-10.981132075471699,-13.793103448275861,-2.8119713728041624,0.2641509433962264,0.10344827586206896,-0.16070266753415746,53,29
1610612765,2025-26,7.962264150943396,8.517241379310345,0.5549772283669494,0.7547169811320755,0.6896551724137931,-0.06506180871828238,53,29
1610612766,2025-26,1.8909090909090909,10.814814814814815,8.923905723905724,0.4727272727272727,0.6666666666666666,0.1939393939393939,55,27
