TEAM_ID,TEAM_NAME,TEAM_ABB,SEASON,WINS,VEGAS_WINS,UNDERPERFORMANCE,GROUND_TRUTH,TANK_PROB,DELTA_WR,DELTA_PM,TSI_WR,TSI_PM,TSI,TSI_FLAG
1610612737,Atlanta Hawks,ATL,2016-17,43,43.5,-0.5,0,0.005764512280175473,-0.1483516483516483,-1.228021978021978,78.21009184861384,57.73484120436919,67.97246652649152,Above Win Gate
1610612738,Boston Celtics,BOS,2016-17,53,52.5,0.5,0,0.025373917524701826,-0.0091228070175438,-0.3943859649122809,54.18807626914251,54.03567254021296,54.111874404677735,Above Win Gate
1610612739,Cleveland Cavaliers,CLE,2016-17,51,56.5,-5.5,0,0.0009466294640536111,-0.2646464646464647,-6.678114478114479,98.27515783693164,81.9190307979661,90.09709431744886,Above Win Gate
1610612740,New Orleans Pelicans,NOP,2016-17,34,36.5,-2.5,0,0.10686857400821949,0.0364912280701754,3.4203508771929823,46.31800386876739,37.10819488041415,41.71309937459077,Above Win Gate
1610612741,Chicago Bulls,CHI,2016-17,41,39.0,2.0,0,0.06413653446043603,0.0287719298245614,3.5866666666666664,47.64986227498471,36.3701867484472,42.010024511715955,Above Win Gate
1610612742,Dallas Mavericks,DAL,2016-17,33,39.5,-6.5,0,0.017724335779086966,0.0302197802197802,-2.021978021978022,47.40005566582657,61.25793434374054,54.32899500478355,Investigate
1610612743,Denver Nuggets,DEN,2016-17,40,37.0,3.0,0,0.012784087074701765,0.1304945054945054,5.332417582417583,30.099035347799884,28.623607928179656,29.361321637989768,Above Win Gate
1610612744,Golden State Warriors,GSW,2016-17,67,66.5,0.5,0,0.0031092416692023064,-0.070054945054945,-3.7445054945054945,64.70107598385326,68.90146167379532,66.80126882882429,Above Win Gate
1610612745,Houston Rockets,HOU,2016-17,55,44.0,11.0,0,0.00400304767661612,-0.0646551724137931,-2.3232758620689653,63.76941971731805,62.594910567314166,63.18216514231611,Above Win Gate
1610612746,Los Angeles Clippers,LAC,2016-17,51,53.5,-2.5,0,8.55464572509933e-05,-0.0096153846153845,1.5425824175824174,54.273063737371395,45.440587117670226,49.85682542752081,Above Win Gate
1610612747,Los Angeles Lakers,LAL,2016-17,26,24.5,1.5,0,0.16981892104114238,-0.035919540229885,-2.057471264367817,58.811482860317795,61.41543172625868,60.113457293288235,Investigate
1610612748,Miami Heat,MIA,2016-17,41,34.5,6.5,0,0.0006788171908345472,0.2014035087719298,6.76,17.864665190488054,22.288867032183372,20.076766111335715,Above Win Gate
1610612749,Milwaukee Bucks,MIL,2016-17,42,34.5,7.5,0,0.030719154767641622,0.1750841750841751,-1.383838383838384,22.405703080556872,58.426259469287245,40.41598127492206,Above Win Gate
1610612750,Minnesota Timberwolves,MIN,2016-17,31,41.5,-10.5,0,0.8607766647549071,-0.0259649122807017,-0.7052631578947369,57.09394915543486,55.415156094902216,56.25455262516854,Investigate
1610612751,Brooklyn Nets,BKN,2016-17,20,21.5,-1.5,0,0.02386290713782285,0.2623626373626373,6.365384615384615,7.347008628203125,24.039929656886837,15.69346914254498,No Action
1610612752,New York Knicks,NYK,2016-17,31,38.5,-7.5,0,0.06949587438664281,-0.0835087719298245,-1.7971929824561403,67.02234818360043,60.26047530730968,63.64141174545506,Investigate
1610612753,Orlando Magic,ORL,2016-17,29,37.5,-8.5,0,0.7811826721750161,-0.028735632183908,0.0445402298850572,57.57199864606773,52.08798553996575,54.82999209301674,Investigate
1610612754,Indiana Pacers,IND,2016-17,42,44.5,-2.5,0,0.016789175960489094,0.0112280701754385,2.272280701754386,50.67681319820594,42.202630761839984,46.439721980022966,Above Win Gate
1610612755,Philadelphia 76ers,PHI,2016-17,28,23.5,4.5,1,0.6224138965354309,-0.1057692307692307,-0.2774725274725282,70.86308322041072,53.516881944083785,62.189982582247254,Investigate
1610612756,Phoenix Suns,PHX,2016-17,24,29.5,-5.5,0,0.48995423383283443,-0.0757894736842105,-0.5838596491228074,65.69048977738309,54.87644129814997,60.28346553776653,Investigate
1610612757,Portland Trail Blazers,POR,2016-17,41,45.5,-4.5,0,0.43889111280815685,0.2815934065934066,7.188186813186814,4.029004731595251,20.38883486366289,12.20891979762907,Above Win Gate
1610612758,Sacramento Kings,SAC,2016-17,32,33.5,-1.5,0,0.13098804846766837,-0.1010526315789473,-3.800701754385965,70.04929910682162,69.15082643290305,69.60006276986233,Investigate
1610612759,San Antonio Spurs,SAS,2016-17,61,57.5,3.5,0,0.0003181785817727524,-0.0755494505494506,-3.664835164835165,65.64907709716981,68.54793329648817,67.098505196829,Above Win Gate
1610612760,Oklahoma City Thunder,OKC,2016-17,47,45.0,2.0,0,0.061854961433207796,0.0385964912280701,2.825263157894737,45.95476975798085,39.74883157200896,42.851800664994904,Above Win Gate
1610612761,Toronto Raptors,TOR,2016-17,51,50.5,0.5,0,0.10234123983251744,0.1410526315789473,0.2196491228070174,28.277376366369012,51.31095897282444,39.794167669596725,Above Win Gate
1610612762,Utah Jazz,UTA,2016-17,51,47.5,3.5,0,0.007232977713319048,0.0259649122807017,-1.983859649122807,48.13417442270011,61.08878823179579,54.61148132724795,Above Win Gate
1610612763,Memphis Grizzlies,MEM,2016-17,43,42.5,0.5,0,0.0023798616375368836,-0.2112068965517241,-2.751436781609195,89.05489768801932,64.49482783560897,76.77486276181415,Above Win Gate
1610612764,Washington Wizards,WAS,2016-17,49,42.5,6.5,0,0.05515934474435915,-0.0626262626262625,-3.022222222222222,63.41935932711166,65.69640862251487,64.55788397481327,Above Win Gate
1610612765,Detroit Pistons,DET,2016-17,37,44.5,-7.5,0,0.4733801192600987,-0.0736842105263157,-2.24140350877193,65.32725566659653,62.23161095091759,63.77943330875706,Above Win Gate
1610612766,Charlotte Hornets,CHA,2016-17,36,42.5,-6.5,0,0.06205400278224879,0.032967032967033,-0.173076923076923,46.926055109168296,53.0536378634744,49.98984648632135,Above Win Gate
1610612737,Atlanta Hawks,ATL,2017-18,24,25.5,-1.5,0,0.42970424878017194,-0.0442151805453205,-4.690493736182756,60.24278113867435,73.09918106840155,66.67098110353795,Investigate
1610612738,Boston Celtics,BOS,2017-18,55,53.5,1.5,0,0.17398787294955254,-0.0257921886514369,0.2741341193809874,57.06414807633815,51.06918775754158,54.06666791693986,Above Win Gate
1610612739,Cleveland Cavaliers,CLE,2017-18,50,53.5,-3.5,0,0.00016251073026819977,0.0082417582417583,2.3420329670329667,51.19206011909269,41.893112710898386,46.54258641499554,Above Win Gate
1610612740,New Orleans Pelicans,NOP,2017-18,48,39.5,8.5,0,4.027218821566395e-05,0.136140350877193,3.7621052631578946,29.12492262487093,35.59169715776477,32.35830989131785,Above Win Gate
1610612741,Chicago Bulls,CHI,2017-18,27,22.0,5.0,0,0.5416345430432843,-0.0708771929824561,-3.7452631578947377,64.84294351888116,68.9048237222474,66.87388362056427,Investigate
1610612742,Dallas Mavericks,DAL,2017-18,24,35.5,-11.5,0,0.034807434803300896,-0.0603448275862069,-2.2456896551724137,63.02572918876802,62.25063025695202,62.638179722860016,Investigate
1610612743,Denver Nuggets,DEN,2017-18,46,45.5,0.5,0,0.08919286346956254,0.0316091954022988,1.5071839080459768,47.16033124636722,45.597664133509035,46.37899768993813,Above Win Gate
1610612744,Golden State Warriors,GSW,2017-18,58,67.5,-9.5,0,0.0035241377113942444,-0.175287356321839,-7.270114942528736,82.85747661676902,84.54596813355238,83.7017223751607,Above Win Gate
1610612745,Houston Rockets,HOU,2017-18,65,55.5,9.5,0,5.6492443407650075e-06,0.0680701754385965,-0.7992982456140343,40.86949220696921,55.832426515508004,48.35095936123861,Above Win Gate
1610612746,Los Angeles Clippers,LAC,2017-18,42,43.5,-1.5,0,0.08082674523193933,-0.0741758241758241,-2.756868131868132,65.41207681884066,64.51892885855658,64.96550283869863,Above Win Gate
1610612747,Los Angeles Lakers,LAL,2017-18,35,33.5,1.5,0,0.2692274782748156,0.0764912280701754,4.5873684210526315,39.41655576382304,31.92968212319461,35.673118943508825,Above Win Gate
1610612748,Miami Heat,MIA,2017-18,44,43.5,0.5,0,0.0019152164698698303,0.0660919540229885,4.688218390804598,41.210807017966914,31.482171408661113,36.346489213314015,Above Win Gate
1610612749,Milwaukee Bucks,MIL,2017-18,44,47.5,-3.5,0,0.045591983956668684,-0.0814035087719298,-0.8849122807017544,66.65911407281388,56.21232943576102,61.43572175428745,Above Win Gate
1610612750,Minnesota Timberwolves,MIN,2017-18,47,48.5,-1.5,0,0.0009584362227721922,-0.0663544106167056,-2.743950039032006,64.06259982420156,64.46160623397154,64.26210302908655,Above Win Gate
1610612751,Brooklyn Nets,BKN,2017-18,28,27.5,0.5,0,0.27795067510090293,0.0692704495210022,1.819454679439941,40.6624014746834,44.21199672698296,42.43719910083318,No Action
1610612752,New York Knicks,NYK,2017-18,29,30.5,-1.5,0,0.06416264315618711,-0.128960943257185,-3.9941046425939577,74.86449322542087,70.00903060398674,72.43676191470381,Investigate
1610612753,Orlando Magic,ORL,2017-18,25,33.5,-8.5,0,0.4876563791273064,-0.0357894736842104,-1.9894736842105267,58.78904167243873,61.113699898697625,59.95137078556817,Investigate
1610612754,Indiana Pacers,IND,2017-18,48,31.5,16.5,0,0.0010625646491969935,0.0560344827586206,0.2313218390804599,42.94608491791702,51.25916257057541,47.102623744246216,Above Win Gate
1610612755,Philadelphia 76ers,PHI,2017-18,52,39.5,12.5,0,0.0012466444370760697,0.2693602693602693,7.647811447811447,6.139663775974245,18.34930079970688,12.244482287840563,Above Win Gate
1610612756,Phoenix Suns,PHX,2017-18,21,28.5,-7.5,0,0.9299053725938532,-0.1746499631540162,-1.4856300663227715,82.74750322001464,58.87794893111048,70.81272607556255,Investigate
1610612757,Portland Trail Blazers,POR,2017-18,49,42.5,6.5,0,0.0169989702959779,0.1566091954022989,5.281609195402298,25.593305918416114,28.84906459052101,27.221185254468562,Above Win Gate
1610612758,Sacramento Kings,SAC,2017-18,27,27.5,-0.5,0,0.009242323808923753,0.0442105263157894,3.435087719298245,44.98614546255006,37.04280175479682,41.01447360867344,No Action
1610612759,San Antonio Spurs,SAS,2017-18,47,55.0,-8.0,0,0.0031834167195076554,-0.0714812085482682,-0.6934414148857777,64.94715807093193,55.362698402807894,60.154928236869914,Above Win Gate
1610612760,Oklahoma City Thunder,OKC,2017-18,48,53.5,-5.5,0,0.018316092235988242,0.0928518791451732,0.0280029476787033,36.59375115489306,52.161367921683954,44.37755953828851,Above Win Gate
1610612761,Toronto Raptors,TOR,2017-18,59,48.5,10.5,0,0.026480188352590337,0.0007017543859648,-2.331228070175438,52.49298375213867,62.630197621346994,57.56159068674283,Above Win Gate
1610612762,Utah Jazz,UTA,2017-18,48,40.5,7.5,0,0.0008016963715924837,0.2327586206896551,8.522988505747128,12.454773247365472,14.46579829094697,13.46028576915622,Above Win Gate
1610612763,Memphis Grizzlies,MEM,2017-18,22,37.5,-15.5,0,0.975210774931525,-0.1675824175824176,-7.862637362637362,81.5280957452217,87.17522159046538,84.35165866784354,Investigate
1610612764,Washington Wizards,WAS,2017-18,43,48.5,-5.5,0,0.02863293946929633,-0.1789473684210526,-4.294736842105263,83.48896120592379,71.34305312026477,77.41600716309428,Above Win Gate
1610612765,Detroit Pistons,DET,2017-18,39,38.5,0.5,0,0.005737413982380815,-0.0512280701754385,-0.1347368421052631,61.45275848487339,52.88350794600295,57.168133215438175,Above Win Gate
1610612766,Charlotte Hornets,CHA,2017-18,36,42.5,-6.5,0,0.054155687441179344,0.0589473684210526,2.8540350877192986,42.44350668704425,39.62115927913704,41.03233298309064,Above Win Gate
1610612737,Atlanta Hawks,ATL,2018-19,29,23.5,5.5,0,0.003876995720700402,0.0890804597701149,5.218390804597702,37.244457532366724,29.129589287853126,33.18702341010992,No Action
1610612738,Boston Celtics,BOS,2018-19,49,59.0,-10.0,0,0.5023309171000269,-0.1379310344827586,-6.747126436781609,76.41215870266869,82.22526381925941,79.31871126096405,Above Win Gate
1610612739,Cleveland Cavaliers,CLE,2018-19,19,30.5,-11.5,0,0.7021079269195244,0.0847701149425287,3.1594827586206904,37.98814806091676,38.26576863505595,38.12695834798635,No Action
1610612740,New Orleans Pelicans,NOP,2018-19,33,45.5,-12.5,0,0.9199226271008865,-0.1363301400147383,-7.518791451731761,76.13594645035533,85.64944295456463,80.89269470245998,Investigate
1610612741,Chicago Bulls,CHI,2018-19,22,30.0,-8.0,0,0.8540548547857251,0.0919540229885057,0.1149425287356322,36.748663846666695,51.77558303611862,44.26212344139266,No Action
1610612742,Dallas Mavericks,DAL,2018-19,33,35.5,-2.5,0,0.005897872063666163,-0.1761403508771929,-4.084912280701754,83.00464905820839,70.4119795698086,76.70831431400849,Investigate
1610612743,Denver Nuggets,DEN,2018-19,54,47.5,6.5,0,0.09666477882096597,-0.0842105263157895,-3.094736842105263,67.14342622052928,66.01818431999695,66.58080527026311,Above Win Gate
1610612744,Golden State Warriors,GSW,2018-19,57,62.5,-5.5,0,0.00174199158474966,-0.079298245614035,-2.105263157894737,66.29587996202733,61.62750302854803,63.96169149528768,Above Win Gate
1610612745,Houston Rockets,HOU,2018-19,53,56.5,-3.5,0,4.961553011763137e-05,0.2210526315789474,8.792280701754386,14.474480156480297,13.270843613718084,13.872661885099191,Above Win Gate
1610612746,Los Angeles Clippers,LAC,2018-19,48,37.0,11.0,0,0.0003375780057269693,0.1532792925571112,1.4119380987472367,26.16783471043035,46.02030699875164,36.094070854590996,Above Win Gate
1610612747,Los Angeles Lakers,LAL,2018-19,37,48.5,-11.5,0,0.10536207285994847,-0.1312280701754385,-1.7270175438596491,75.2556546947621,59.949079471036704,67.6023670828994,Above Win Gate
1610612748,Miami Heat,MIA,2018-19,39,43.0,-4.0,0,0.002090615977271692,0.0357142857142857,1.184065934065934,46.45205455251004,47.03146481555244,46.74175968403124,Above Win Gate
1610612749,Milwaukee Bucks,MIL,2018-19,60,48.0,12.0,0,0.00031332760687663495,-0.0743859649122806,-2.9719298245614043,65.44833370352538,65.47324160651924,65.4607876550223,Above Win Gate
1610612750,Minnesota Timberwolves,MIN,2018-19,36,41.5,-5.5,0,0.013334231068444976,-0.1136842105263157,-5.495438596491228,72.22870377154089,76.67103587889534,74.44986982521812,Above Win Gate
1610612751,Brooklyn Nets,BKN,2018-19,42,32.0,10.0,0,0.001890660164529738,0.0132645541635961,1.249815770081061,50.32544598418545,46.739707106869375,48.53257654552741,Above Win Gate
1610612752,New York Knicks,NYK,2018-19,17,28.5,-11.5,0,0.925185263978158,0.0603448275862069,-1.7686781609195403,42.20239438936696,60.133943904355135,51.16816914686105,Investigate
1610612753,Orlando Magic,ORL,2018-19,42,31.0,11.0,0,0.004092178217290856,0.1945467943994104,6.268238761974945,19.04769665079727,24.471003760133954,21.759350205465612,Above Win Gate
1610612754,Indiana Pacers,IND,2018-19,48,47.5,0.5,0,0.009422758246976031,-0.2385057471264367,-6.474137931034483,93.76493770216956,81.0139071716889,87.38942243692924,Above Win Gate
1610612755,Philadelphia 76ers,PHI,2018-19,51,53.5,-2.5,0,0.02856166206201117,-0.0545977011494253,-3.515804597701149,62.034141817367974,67.88662644880638,64.96038413308717,Above Win Gate
1610612756,Phoenix Suns,PHX,2018-19,19,29.0,-10.0,0,0.7966368202623674,0.16138540899042,3.0729550478997787,24.76923616300242,38.64972589103628,31.70948102701935,No Action
1610612757,Portland Trail Blazers,POR,2018-19,53,42.0,11.0,0,0.005967977575431081,0.1635087719298246,3.862456140350877,24.402879184645847,35.14640111189442,29.774640148270134,Above Win Gate
1610612758,Sacramento Kings,SAC,2018-19,39,26.0,13.0,0,0.005107932336540197,-0.1663157894736842,0.3480701754385965,81.30955654120453,50.7411045924449,66.02533056682472,Above Win Gate
1610612759,San Antonio Spurs,SAS,2018-19,48,43.5,4.5,0,8.99307969880296e-05,0.0928518791451732,2.49521002210759,36.59375115489306,41.21340627632858,38.90357871561082,Above Win Gate
1610612760,Oklahoma City Thunder,OKC,2018-19,49,48.5,0.5,0,0.05314975984884202,-0.1691228070175439,-6.045614035087719,81.79386868891991,79.11237923527544,80.45312396209768,Above Win Gate
1610612761,Toronto Raptors,TOR,2018-19,58,55.5,2.5,0,0.0005561584926962467,-0.0766396462785555,1.6337509211495949,65.83717532838605,45.03603685082692,55.436606089606485,Above Win Gate
1610612762,Utah Jazz,UTA,2018-19,50,49.5,0.5,0,0.0003582467367311907,0.1585964912280701,6.594385964912281,25.250425443147805,23.023761205787586,24.137093324467696,Above Win Gate
1610612763,Memphis Grizzlies,MEM,2018-19,33,34.5,-1.5,0,0.0017245100055493458,0.0449521002210758,2.0994841562269713,44.85819711696718,42.96939654023414,43.91379682860067,No Action
1610612764,Washington Wizards,WAS,2018-19,32,45.5,-13.5,0,0.1935972824931114,-0.0804597701149425,0.2155172413793105,66.49628498866818,51.32929374490843,58.9127893667883,Investigate
1610612765,Detroit Pistons,DET,2018-19,41,38.5,2.5,0,0.0005748597552747274,0.1126373626373625,4.017857142857142,33.18003896607861,34.45682615374779,33.818432559913205,Above Win Gate
1610612766,Charlotte Hornets,CHA,2018-19,39,35.5,3.5,0,0.010364486257873947,0.0063157894736842,-1.9312280701754383,51.524359456707856,60.85524135459105,56.18980040564945,Above Win Gate
1610612737,Atlanta Hawks,ATL,2019-20,20,33.5,-13.5,0,0.6097784958527688,0.1866883116883116,4.641233766233767,20.403569416153545,31.69066054321904,26.04711497968629,No Action
1610612738,Boston Celtics,BOS,2019-20,48,48.5,-0.5,0,0.21961363252611313,-0.1481481481481481,-2.2592592592592595,78.17498069626879,62.31084389148038,70.24291229387458,Above Win Gate
1610612739,Cleveland Cavaliers,CLE,2019-20,19,24.5,-5.5,0,0.15710646284668486,0.1952861952861952,5.779461279461279,18.92012322957489,26.63990039922602,22.780011814400453,No Action
1610612740,New Orleans Pelicans,NOP,2019-20,30,37.5,-7.5,0,0.2024111968778493,-0.0064171122994652,1.0748663101604277,53.72124597702648,47.51602620749862,50.61863609226255,Investigate
1610612741,Chicago Bulls,CHI,2019-20,22,33.5,-11.5,0,0.8400707459603871,-0.0454545454545454,0.0909090909090908,60.45661645377697,51.882228788823404,56.169422621300185,Investigate
1610612742,Dallas Mavericks,DAL,2019-20,43,40.5,2.5,0,0.005327861053080767,-0.0999999999999999,-3.8818181818181814,69.86768205142835,69.51077171092221,69.68922688117527,Above Win Gate
1610612743,Denver Nuggets,DEN,2019-20,46,53.0,-7.0,0,0.3272173195672712,-0.2464646464646465,-6.708080808080808,95.13813597104782,82.05200311087962,88.59506954096372,Above Win Gate
1610612744,Golden State Warriors,GSW,2019-20,15,47.5,-32.5,0,0.9989888901521228,0.0818181818181818,-1.7636363636363637,38.49746339259041,60.11157148014642,49.304517436368414,No Action
1610612745,Houston Rockets,HOU,2019-20,44,54.0,-10.0,0,0.0009051320170689943,-0.074074074074074,-2.9814814814814814,65.39452124266812,65.51562603978974,65.45507364122892,Above Win Gate
1610612746,Los Angeles Clippers,LAC,2019-20,49,53.5,-4.5,0,0.0025602222369096993,0.0331550802139037,3.499465240641711,46.893610151279404,36.757133542429834,41.82537184685462,Above Win Gate
1610612747,Los Angeles Lakers,LAL,2019-20,52,50.5,1.5,0,0.00016700399881652673,-0.1624737945492662,-6.415094339622642,80.64667332644625,80.75190769021833,80.6992905083323,Above Win Gate
1610612748,Miami Heat,MIA,2019-20,44,43.5,0.5,0,0.10753538844345692,-0.1744639376218323,-1.5623781676413253,82.71540708110058,59.21851023960294,70.96695866035176,Above Win Gate
1610612749,Milwaukee Bucks,MIL,2019-20,56,57.5,-1.5,0,0.0008149541344717634,-0.3255360623781677,-7.7953216374269,100.0,86.87651541968157,93.43825770984078,Above Win Gate
1610612750,Minnesota Timberwolves,MIN,2019-20,19,35.5,-16.5,0,0.9917328031496987,-0.0291595197255574,-4.361921097770154,57.645134592843384,71.64117590931411,64.64315525107875,Investigate
1610612751,Brooklyn Nets,BKN,2019-20,35,43.5,-8.5,0,0.06883332881181184,0.054617676266137,-0.4419066534260178,43.190535329982616,54.246540399907985,48.718537864945304,Above Win Gate
1610612752,New York Knicks,NYK,2019-20,21,26.5,-5.5,0,0.434462557360629,0.0545454545454545,3.0545454545454547,43.20299619141611,38.73141644876799,40.967206320092046,No Action
1610612753,Orlando Magic,ORL,2019-20,33,41.5,-8.5,0,0.1483217396831546,0.0636363636363636,1.9353535353535352,41.634485258474214,43.697708225448764,42.66609674196149,No Action
1610612754,Indiana Pacers,IND,2019-20,45,46.5,-1.5,0,0.04686918418373578,0.1404040404040404,-0.7565656565656567,28.389281824742636,55.64280532369269,42.01604357421766,Above Win Gate
1610612755,Philadelphia 76ers,PHI,2019-20,43,54.5,-11.5,0,0.14959401575313683,-0.1181818181818181,-0.1404040404040403,73.00470391731214,52.908655518841364,62.95667971807676,Above Win Gate
1610612756,Phoenix Suns,PHX,2019-20,34,29.5,4.5,0,0.008905382565685488,0.2666666666666666,5.7555555555555555,6.604407756105172,26.745979435370526,16.67519359573785,Above Win Gate
1610612757,Portland Trail Blazers,POR,2019-20,35,46.5,-11.5,0,0.06399168961901362,0.1091269841269841,2.912698412698413,33.78570634403083,39.36084718838599,36.57327676620841,Above Win Gate
1610612758,Sacramento Kings,SAC,2019-20,31,37.5,-6.5,0,0.08336655538288902,0.1666666666666666,3.388888888888889,23.858028018466047,37.24780401367653,30.552916016071286,No Action
1610612759,San Antonio Spurs,SAS,2019-20,32,46.5,-14.5,0,0.23089454094854286,0.1034858387799564,0.8442265795206972,34.75900814065483,48.539464795653345,41.649236468154086,No Action
1610612760,Oklahoma City Thunder,OKC,2019-20,44,32.5,11.5,0,0.02216260317694374,0.0470588235294118,-2.5229946524064175,44.49471107736825,63.48114086356011,53.987925970464175,Above Win Gate
1610612761,Toronto Raptors,TOR,2019-20,53,46.5,6.5,0,0.004185504534888602,0.0374331550802138,-0.3860962566844916,46.155487359306754,53.998887866291724,50.077187612799236,Above Win Gate
1610612762,Utah Jazz,UTA,2019-20,44,53.5,-9.5,0,0.443203149117263,-0.2222222222222222,-6.407407407407408,90.95544014986943,80.71779776894944,85.83661895940944,Above Win Gate
1610612763,Memphis Grizzlies,MEM,2019-20,34,27.5,6.5,0,0.45613231657245995,-0.2027290448343079,1.4444444444444444,87.59216134629031,45.87606364374015,66.73411249501524,Above Win Gate
1610612764,Washington Wizards,WAS,2019-20,25,27.0,-2.0,0,0.4496148286435399,-0.1142005958291956,-1.6683217477656402,72.31779893079042,59.688623293263475,66.00321111202695,Investigate
1610612765,Detroit Pistons,DET,2019-20,20,37.5,-17.5,0,0.8757725724673288,-0.2222222222222222,-7.070175438596491,90.95544014986943,83.65875844486085,87.30709929736514,Investigate
1610612766,Charlotte Hornets,CHA,2019-20,23,23.5,-0.5,0,0.42812424759614665,0.1212121212121212,3.205387205387206,31.700582683175526,38.062072671405474,34.8813276772905,No Action
1610612737,Atlanta Hawks,ATL,2020-21,41,34.5,6.5,0,0.002245287977326847,0.25,3.805555555555556,9.480011133165311,35.39889123580575,22.43945118448553,Above Win Gate
1610612738,Boston Celtics,BOS,2020-21,36,44.5,-8.5,0,0.7550617285510791,-0.0555555555555555,1.1388888888888888,62.19940637926798,47.231933014178715,54.715669696723346,Above Win Gate
1610612739,Cleveland Cavaliers,CLE,2020-21,22,22.5,-0.5,0,0.6391162220260471,-0.1666666666666666,-1.944444444444444,81.37009555966894,60.91388757042247,71.1419915650457,Investigate
1610612740,New Orleans Pelicans,NOP,2020-21,31,36.5,-5.5,0,0.3224254628901054,0.0277777777777777,0.25,47.82138949396726,51.17628027363638,49.49883488380182,No Action
1610612741,Chicago Bulls,CHI,2020-21,31,29.5,1.5,0,0.011295277519727186,-0.0758513931888544,-1.2941176470588236,65.70117313358269,58.028133509275136,61.86465332142891,Investigate
1610612742,Dallas Mavericks,DAL,2020-21,42,42.5,-0.5,0,0.004093925519531154,0.1021671826625386,5.292569659442725,34.98652405972049,28.80042872968324,31.893476394701864,Above Win Gate
1610612743,Denver Nuggets,DEN,2020-21,47,44.5,2.5,0,0.00882820756674689,0.1388888888888888,-0.75,28.65070031356629,55.61367094052624,42.13218562704627,Above Win Gate
1610612744,Golden State Warriors,GSW,2020-21,39,37.5,1.5,0,0.012415379951480999,0.0579150579150579,1.1706563706563706,42.62161762167702,47.0909682870731,44.856292954375064,Above Win Gate
1610612745,Houston Rockets,HOU,2020-21,17,34.5,-17.5,1,0.6887936595062503,-0.1656346749226006,-4.998452012383901,81.19203962300887,74.46571224900802,77.82887593600844,Investigate
1610612746,Los Angeles Clippers,LAC,2020-21,47,46.5,0.5,0,0.0003341844958457067,0.0448916408668731,1.6640866873065017,44.8686285443544,44.9014252052093,44.88502687478185,Above Win Gate
1610612747,Los Angeles Lakers,LAL,2020-21,42,47.5,-5.5,0,0.005376067244609247,-0.1343629343629344,-4.654054054054054,75.79653225741339,72.93748396301922,74.3670081102163,Above Win Gate
1610612748,Miami Heat,MIA,2020-21,40,43.5,-3.5,0,0.0028725028693066773,0.1111111111111111,3.2222222222222223,33.44337260866652,37.98736912482484,35.71537086674568,Above Win Gate
1610612749,Milwaukee Bucks,MIL,2020-21,46,49.5,-3.5,0,0.001588467510950956,0.0555555555555554,-0.7777777777777777,43.028717198867035,55.73693179238429,49.38282449562566,Above Win Gate
1610612750,Minnesota Timberwolves,MIN,2020-21,23,29.5,-6.5,0,0.7017290715548257,0.2499999999999999,7.055555555555556,9.48001113316533,20.977371568413698,15.228691350789514,No Action
1610612751,Brooklyn Nets,BKN,2020-21,48,45.5,2.5,0,0.0017390073847183538,0.037065637065637,-1.0285714285714285,46.218897521937606,56.849801197731274,51.53434935983444,Above Win Gate
1610612752,New York Knicks,NYK,2020-21,41,21.5,19.5,0,0.00018314074650240268,0.115057915057915,3.7976833976833975,32.7624060431851,35.43382307567595,34.09811455943053,Above Win Gate
1610612753,Orlando Magic,ORL,2020-21,21,31.5,-10.5,0,0.9276528453299142,-0.1388888888888889,-5.4444444444444455,76.5774232645687,76.44475490453698,76.51108908455284,Investigate
1610612754,Indiana Pacers,IND,2020-21,34,38.5,-4.5,0,0.0233231421096442,0.0293436293436293,-0.5258687258687259,47.551223410922994,54.61911291653799,51.08516816373049,Above Win Gate
1610612755,Philadelphia 76ers,PHI,2020-21,49,43.5,5.5,0,0.0010073659999854808,0.0277777777777777,4.166666666666667,47.82138949396726,33.796500161651075,40.80894482780917,Above Win Gate
1610612756,Phoenix Suns,PHX,2020-21,51,38.5,12.5,0,0.0005232773234726816,0.0440154440154439,-1.2965250965250965,45.019804221850755,58.038816303067776,51.52931026245926,Above Win Gate
1610612757,Portland Trail Blazers,POR,2020-21,42,40.5,1.5,0,0.001935037491048297,-0.0324324324324324,4.320463320463321,58.20983052280615,33.114044325494916,45.66193742415054,Above Win Gate
1610612758,Sacramento Kings,SAC,2020-21,31,28.5,2.5,0,0.014968042217564691,0.0833333333333333,3.916666666666667,38.23604490376677,34.905847828373545,36.57094636607016,No Action
1610612759,San Antonio Spurs,SAS,2020-21,33,28.5,4.5,0,0.12987195269932003,-0.1875,-3.18125,84.96459978099413,66.40207699940221,75.68333839019817,Investigate
1610612760,Oklahoma City Thunder,OKC,2020-21,22,22.5,-0.5,1,0.9785342203886513,-0.2222222222222222,-10.22222222222222,90.95544014986943,97.64562142412187,94.30053078699565,Investigate
1610612761,Toronto Raptors,TOR,2020-21,27,42.5,-15.5,0,0.30255201088736616,-0.1944444444444444,-3.7777777777777777,86.16276785476919,69.04910379305387,77.60593582391152,Investigate
1610612762,Utah Jazz,UTA,2020-21,52,41.5,10.5,0,0.00021251643523311452,-0.0555555555555555,0.8888888888888893,62.19940637926798,48.341280680901185,55.27034353008458,Above Win Gate
1610612763,Memphis Grizzlies,MEM,2020-21,38,31.5,6.5,0,0.10513688950472931,0.05,0.3874999999999999,43.98725165788705,50.56613905693902,47.27669535741303,Above Win Gate
1610612764,Washington Wizards,WAS,2020-21,34,32.5,1.5,0,0.0028708830376079843,0.1145510835913312,4.829721362229103,32.84985281979964,30.854267443924826,31.85206013186223,Above Win Gate
1610612765,Detroit Pistons,DET,2020-21,20,23.5,-3.5,0,0.45897901345813774,0.0,-1.1111111111111112,52.61406178906749,57.216062014680915,54.9150619018742,Investigate
1610612766,Charlotte Hornets,CHA,2020-21,33,26.5,6.5,0,0.03711502259965871,-0.0532818532818532,-2.867181467181467,61.8071104230667,65.00843222310947,63.407771323088085,Investigate
1610612737,Atlanta Hawks,ATL,2021-22,43,47.5,-4.5,0,0.011235530626643805,0.1422413793103448,3.683908045977012,28.072274346916252,35.93868875945998,32.00548155318812,Above Win Gate
1610612738,Boston Celtics,BOS,2021-22,51,45.5,5.5,0,0.003218587877256918,0.206060606060606,7.009090909090908,17.061147309051155,21.18355335697627,19.122350333013713,Above Win Gate
1610612739,Cleveland Cavaliers,CLE,2021-22,44,26.5,17.5,0,0.007518537415179842,-0.2284482758620689,-6.887931034482759,92.02965980221947,82.85006882695367,87.43986431458657,Above Win Gate
1610612740,New Orleans Pelicans,NOP,2021-22,36,39.5,-3.5,0,0.004563586324967242,0.1753868828297715,7.899042004421519,22.353475035626914,17.234492672567807,19.793983854097362,Above Win Gate
1610612741,Chicago Bulls,CHI,2021-22,46,42.5,3.5,0,0.08445491374808614,-0.2962417096536477,-9.428150331613852,100.0,94.1220142278967,97.06100711394835,Above Win Gate
1610612742,Dallas Mavericks,DAL,2021-22,52,48.5,3.5,0,0.0009574312630960215,0.1459100957995578,-0.1820191599115697,27.439287935364824,53.09331806174558,40.266302998555204,Above Win Gate
1610612743,Denver Nuggets,DEN,2021-22,48,47.5,0.5,0,0.0009002951990571921,0.0560344827586206,0.7471264367816093,42.94608491791702,48.97033606279745,45.95821049035723,Above Win Gate
1610612744,Golden State Warriors,GSW,2021-22,53,48.5,4.5,0,0.0014279834343987783,-0.2336035372144436,-4.915254237288136,92.91912901949046,74.09653121829206,83.50783011889126,Above Win Gate
1610612745,Houston Rockets,HOU,2021-22,20,27.5,-7.5,1,0.8734436054128095,-0.050287356321839,4.030172413793103,61.29045128881791,34.40217848543634,47.84631488712712,No Action
1610612746,Los Angeles Clippers,LAC,2021-22,42,45.5,-3.5,0,0.0016366353277350622,0.0796252927400468,3.359875097580016,38.87581614690661,37.376549540441616,38.126182843674115,Above Win Gate
1610612747,Los Angeles Lakers,LAL,2021-22,33,52.5,-19.5,0,0.0010704208929612675,-0.2155172413793103,-5.4094827586206895,89.79858821656936,76.28961624616392,83.04410223136664,Investigate
1610612748,Miami Heat,MIA,2021-22,53,48.5,4.5,0,0.0002262008574808185,0.0081061164333088,-0.0832719233603533,51.21546324163956,52.65513799589204,51.9353006187658,Above Win Gate
1610612749,Milwaukee Bucks,MIL,2021-22,51,54.5,-3.5,0,0.0005049433519645385,0.0818181818181817,0.0136363636363636,38.49746339259043,52.22511806762853,45.36129073010948,Above Win Gate
1610612750,Minnesota Timberwolves,MIN,2021-22,46,35.5,10.5,0,0.017377814049834767,0.1267501842299189,4.194546794399411,30.745066320194475,33.67278514305811,32.208925731626294,Above Win Gate
1610612751,Brooklyn Nets,BKN,2021-22,44,56.5,-12.5,0,0.002109176439843156,0.0397936624907884,2.782608695652174,45.74821437442132,39.938106084665314,42.843160229543315,Above Win Gate
1610612752,New York Knicks,NYK,2021-22,37,41.5,-4.5,0,0.015178046639221005,0.0980103168754605,4.943257184966839,35.703733897438944,30.350464643750737,33.02709927059484,Above Win Gate
1610612753,Orlando Magic,ORL,2021-22,22,22.5,-0.5,0,0.46322559388509044,0.1924242424242424,2.3606060606060604,19.413913708464005,41.81069663882186,30.61230517364293,No Action
1610612754,Indiana Pacers,IND,2021-22,25,42.5,-17.5,1,0.8875351859104282,-0.106060606060606,-3.0772727272727276,70.91335600672295,65.94068921983356,68.42702261327825,Investigate
1610612755,Philadelphia 76ers,PHI,2021-22,51,50.5,0.5,0,0.0021085389498725895,0.0632183908045976,3.614942528735632,41.70660070366696,36.24471570200411,38.97565820283553,Above Win Gate
1610612756,Phoenix Suns,PHX,2021-22,64,51.5,12.5,0,0.0001689360975716203,-0.160919540229885,-2.179597701149425,80.37850818826888,61.95735443701389,71.16793131264139,Above Win Gate
1610612757,Portland Trail Blazers,POR,2021-22,27,44.5,-17.5,1,0.9955606878658779,-0.3367722918201916,-17.874723655121592,100.0,100.0,100.0,Investigate
1610612758,Sacramento Kings,SAC,2021-22,30,36.5,-6.5,0,0.20108557295616994,-0.0030303030303029,-1.7272727272727275,53.136898766714765,59.95021181953224,56.543555293123504,Investigate
1610612759,San Antonio Spurs,SAS,2021-22,34,28.5,5.5,0,0.1552955293266758,0.0884303610906411,-0.0486366985998526,37.356623089853755,52.50144797279417,44.92903553132396,Above Win Gate
1610612760,Oklahoma City Thunder,OKC,2021-22,24,23.5,0.5,1,0.8173285616031866,-0.0603448275862069,-4.987068965517241,63.02572918876802,74.41520122308111,68.72046520592457,Investigate
1610612761,Toronto Raptors,TOR,2021-22,48,35.5,12.5,0,0.009625695969566422,0.0785964912280702,1.7080701754385963,39.053321653036484,44.70625328547469,41.87978746925559,Above Win Gate
1610612762,Utah Jazz,UTA,2021-22,49,52.5,-3.5,0,0.0017635177057729805,-0.0790229885057471,-2.820402298850574,66.24838814581818,64.8008547781531,65.52462146198565,Above Win Gate
1610612763,Memphis Grizzlies,MEM,2021-22,56,41.5,14.5,0,0.014064595010016504,-0.0015151515151515,3.1045454545454545,52.87548027789114,38.50954691542349,45.69251359665732,Above Win Gate
1610612764,Washington Wizards,WAS,2021-22,35,33.5,1.5,0,0.0056647507369338435,-0.132183908045977,-1.9985632183908049,75.42057133126865,61.15403371283556,68.2873025220521,Above Win Gate
1610612765,Detroit Pistons,DET,2021-22,23,24.5,-1.5,0,0.13335801669761507,0.1925287356321839,7.9683908045977,19.395884847165814,16.92676495390601,18.16132490053591,No Action
1610612766,Charlotte Hornets,CHA,2021-22,43,38.5,4.5,0,0.011417978091861743,0.153030303030303,4.990909090909091,26.21079441787889,30.139014521063075,28.17490446947098,Above Win Gate
1610612737,Atlanta Hawks,ATL,2022-23,41,46.5,-5.5,0,0.8522504281351747,0.030213706705969,2.3124539425202655,47.40110356683614,42.024366398206745,44.71273498252144,Above Win Gate
1610612738,Boston Celtics,BOS,2022-23,57,54.5,2.5,0,0.0020088129993142295,-0.0596904937361827,1.3861459100957996,62.91283291103675,46.13475701595219,54.52379496349447,Above Win Gate
1610612739,Cleveland Cavaliers,CLE,2022-23,51,46.5,4.5,0,0.014792184071489746,-0.0039032006245121,-0.9562841530054644,53.2875052028989,56.52903431579996,54.90826975934943,Above Win Gate
1610612740,New Orleans Pelicans,NOP,2022-23,42,45.5,-3.5,0,0.01806721349697066,0.0132645541635961,1.7236551215917466,50.32544598418545,44.637096790870714,47.48127138752808,Above Win Gate
1610612741,Chicago Bulls,CHI,2022-23,40,41.5,-1.5,0,0.004644429920813261,0.1680176860722181,5.635961680176861,23.62492826056139,27.276664181793137,25.450796221177264,Above Win Gate
1610612742,Dallas Mavericks,DAL,2022-23,38,48.5,-10.5,0,0.007845535663647369,-0.1984848484848485,-1.5287878787878788,86.8598838249656,59.069457005346514,72.96467041515606,Above Win Gate
1610612743,Denver Nuggets,DEN,2022-23,53,51.5,1.5,0,0.010845493698325381,-0.1731761238025055,-3.660280029476787,82.49321257502774,68.52772038136249,75.51046647819511,Above Win Gate
1610612744,Golden State Warriors,GSW,2022-23,44,52.5,-8.5,0,0.024303597946886583,0.125,5.872126436781609,31.047036461116402,26.22870889498691,28.637872678051657,Above Win Gate
1610612745,Houston Rockets,HOU,2022-23,22,23.5,-1.5,1,0.978507178212298,0.1508620689655172,1.8548850574712636,26.58489328981618,44.0547782981824,35.31983579399929,No Action
1610612746,Los Angeles Clippers,LAC,2022-23,44,52.5,-8.5,0,0.0010553995043518086,-0.0171740827478532,0.7361436377829821,55.57721280992571,49.01907103257029,52.298141921248,Above Win Gate
1610612747,Los Angeles Lakers,LAL,2022-23,43,44.5,-1.5,0,0.030485947473253748,0.2380250552689756,6.152542372881356,11.54612262368385,24.984393837290707,18.265258230487277,Above Win Gate
1610612748,Miami Heat,MIA,2022-23,44,49.5,-5.5,0,0.01296949080098777,-0.0206337509211496,-1.2512896094325718,56.174130818884024,57.8380887748312,57.006109796857615,Above Win Gate
1610612749,Milwaukee Bucks,MIL,2022-23,58,53.5,4.5,0,1.7492611815984957e-05,0.0014367816091954,1.4008620689655171,52.36616494621749,46.06945566993123,49.21781030807436,Above Win Gate
1610612750,Minnesota Timberwolves,MIN,2022-23,42,49.5,-7.5,0,0.38136357468427656,0.0156128024980484,0.1131928181108509,49.92028813374183,51.78334718571479,50.85181765972831,Above Win Gate
1610612751,Brooklyn Nets,BKN,2022-23,45,50.5,-5.5,0,0.05480727836414528,-0.1278735632183907,-2.9741379310344827,74.67688080271859,65.48303983757438,70.07996032014648,Above Win Gate
1610612752,New York Knicks,NYK,2022-23,47,38.5,8.5,0,0.02611278204958747,0.0863636363636363,2.584848484848485,37.71320792611947,40.81564539836777,39.26442666224362,Above Win Gate
1610612753,Orlando Magic,ORL,2022-23,34,26.5,7.5,0,0.5820421996654717,0.0280029476787029,0.7192336035372144,47.78253953431649,49.09410746070924,48.43832349751287,Above Win Gate
1610612754,Indiana Pacers,IND,2022-23,35,24.5,10.5,0,0.014532898037073565,-0.0242424242424242,-2.0484848484848484,56.796757610245876,61.3755554882908,59.08615654926834,Above Win Gate
1610612755,Philadelphia 76ers,PHI,2022-23,54,50.5,3.5,0,0.0016680635639648087,-0.0266666666666666,1.385263157894737,57.215027192363706,46.13867413233036,51.676850662347036,Above Win Gate
1610612756,Phoenix Suns,PHX,2022-23,45,52.5,-7.5,0,0.0016298047275191717,0.0575757575757576,2.6333333333333333,42.680159213768796,40.600499184215536,41.64032919899216,Above Win Gate
1610612757,Portland Trail Blazers,POR,2022-23,33,39.5,-6.5,1,0.9736690320877367,-0.2744252873563219,-13.17816091954023,99.96235877341991,100.0,99.98117938670995,Investigate
1610612758,Sacramento Kings,SAC,2022-23,48,34.5,13.5,0,0.003925302162721138,0.0785964912280702,1.199298245614035,39.053321653036484,46.96387309845373,43.00859737574511,Above Win Gate
1610612759,San Antonio Spurs,SAS,2022-23,22,22.5,-0.5,1,0.7718574469946091,0.1105379513633013,0.4738393515106853,33.542263415050336,50.18301762436018,41.86264051970526,No Action
1610612760,Oklahoma City Thunder,OKC,2022-23,40,23.5,16.5,0,0.3266515532396522,-0.0112280701754385,-1.849122807017544,54.55131037992905,60.490908226151674,57.52110930304036,Above Win Gate
1610612761,Toronto Raptors,TOR,2022-23,41,46.5,-5.5,0,0.049185842403945766,0.090641120117907,2.1790714812085485,36.975187122373434,42.61623648715816,39.7957118047658,Above Win Gate
1610612762,Utah Jazz,UTA,2022-23,37,23.5,13.5,0,0.001146643154959803,-0.1196969696969696,-4.742424242424242,73.26612240613579,73.3296170121244,73.2978697091301,Above Win Gate
1610612763,Memphis Grizzlies,MEM,2022-23,51,49.5,1.5,0,0.5094032263868008,0.0259649122807017,0.0877192982456138,48.13417442270011,51.89638314501763,50.015278783858875,Above Win Gate
1610612764,Washington Wizards,WAS,2022-23,35,35.5,-0.5,0,0.06716813340971134,-0.1910919540229885,-5.126436781609195,85.58434188811916,75.03363066947239,80.30898627879577,Above Win Gate
1610612765,Detroit Pistons,DET,2022-23,17,29.5,-12.5,1,0.9573880886806684,-0.1672807663964627,-2.2328666175386873,81.47604999508012,62.19372942943495,71.83488971225754,Investigate
1610612766,Charlotte Hornets,CHA,2022-23,27,34.5,-7.5,0,0.8616470046719232,0.1712121212121212,0.6439393939393945,23.073772551995088,49.42821728364946,36.250994917822275,No Action
1610612737,Atlanta Hawks,ATL,2023-24,36,42.5,-6.5,0,0.08181750234336566,0.008080808080808,1.156228956228956,51.21982984867471,47.15498836120066,49.187409104937686,Above Win Gate
1610612738,Boston Celtics,BOS,2023-24,64,54.5,9.5,0,0.00016230848386876695,-0.004040404040404,3.742760942760942,53.311177759263884,35.67753546455154,44.49435661190771,Above Win Gate
1610612739,Cleveland Cavaliers,CLE,2023-24,48,50.5,-2.5,0,0.07042423749036951,-0.265452179570592,-9.230969420949902,98.4141728303377,93.24704549522765,95.83060916278268,Above Win Gate
1610612740,New Orleans Pelicans,NOP,2023-24,49,44.5,4.5,0,0.009460023230811314,-0.0074074074074074,0.5414141414141413,53.892107734427555,49.883161882325545,51.887634808376546,Above Win Gate
1610612741,Chicago Bulls,CHI,2023-24,39,37.5,1.5,0,0.003839406296130249,0.0087542087542087,-0.8915824915824917,51.10364385364197,56.241927767269395,53.67278581045568,Above Win Gate
1610612742,Dallas Mavericks,DAL,2023-24,50,45.5,4.5,0,0.00511021722391704,0.0848484848484848,2.396632996632997,37.97462641494312,41.650831049139306,39.81272873204121,Above Win Gate
1610612743,Denver Nuggets,DEN,2023-24,57,52.5,4.5,0,0.0003661582316962906,0.1232323232323232,6.4653198653198665,31.352024698077336,23.596477911530844,27.474251304804092,Above Win Gate
1610612744,Golden State Warriors,GSW,2023-24,46,48.5,-2.5,0,0.00021383467604438092,0.1457384515289524,3.00455432661028,27.46890278601718,38.95324661329484,33.21107469965601,Above Win Gate
1610612745,Houston Rockets,HOU,2023-24,41,31.5,9.5,0,0.00466516495466066,0.1626984126984126,1.5502645502645502,24.542695489194664,45.40649849380471,34.97459699149969,Above Win Gate
1610612746,Los Angeles Clippers,LAC,2023-24,51,46.5,4.5,0,3.276946194189194e-05,-0.162003903708523,-6.462589459986988,80.56560014513681,80.9626620940459,80.76413111959135,Above Win Gate
1610612747,Los Angeles Lakers,LAL,2023-24,47,47.5,-0.5,0,0.0025860908374157423,0.1181318681318681,2.2788461538461537,32.232037852762076,42.173497286004064,37.20276756938307,Above Win Gate
1610612748,Miami Heat,MIA,2023-24,46,45.5,0.5,0,0.000777638180904546,0.0471380471380471,4.725925925925925,44.48104213677618,31.314848344242307,37.897945240509245,Above Win Gate
1610612749,Milwaukee Bucks,MIL,2023-24,49,54.5,-5.5,0,0.0009092951432489365,-0.0865384615384615,-1.7554945054945053,67.54507932380285,60.07544287481659,63.81026109930972,Above Win Gate
1610612750,Minnesota Timberwolves,MIN,2023-24,56,44.5,11.5,0,0.002431252345472482,-0.0794612794612794,-2.43973063973064,66.32400920293,63.11166591082481,64.71783755687741,Above Win Gate
1610612751,Brooklyn Nets,BKN,2023-24,32,37.5,-5.5,0,0.587988951199913,0.0039682539682539,-1.7936507936507935,51.92939431833889,60.24475723176447,56.08707577505168,Investigate
1610612752,New York Knicks,NYK,2023-24,50,45.5,4.5,0,0.0012435578010071943,0.0296296296296296,0.1212121212121211,47.50187800762724,51.747762404978246,49.62482020630274,Above Win Gate
1610612753,Orlando Magic,ORL,2023-24,47,37.5,9.5,0,0.06593749380064695,0.0841750841750842,3.4976430976430977,38.09081240997584,36.76521910276562,37.428015756370726,Above Win Gate
1610612754,Indiana Pacers,IND,2023-24,47,38.5,8.5,0,0.006597054210708479,0.0618131868131868,5.1098901098901095,41.949049264256516,29.61104925789966,35.78004926107809,Above Win Gate
1610612755,Philadelphia 76ers,PHI,2023-24,47,48.5,-1.5,0,0.0033295078083517946,-0.0568783068783068,-3.924603174603175,62.42762886951083,69.7006254385893,66.06412715405007,Above Win Gate
1610612756,Phoenix Suns,PHX,2023-24,49,51.5,-2.5,0,0.001117523941288767,-0.0074074074074074,-0.5878787878787879,53.892107734427555,54.894275786954694,54.393191760691124,Above Win Gate
1610612757,Portland Trail Blazers,POR,2023-24,21,28.5,-7.5,1,0.8342814637548082,-0.0634920634920635,-0.5595238095238084,63.56874132072519,54.76845367064246,59.16859749568383,Investigate
1610612758,Sacramento Kings,SAC,2023-24,46,44.5,1.5,0,0.004940322446360144,-0.0383597883597883,3.697089947089947,59.23251400611067,35.88019551448958,47.556354760300124,Above Win Gate
1610612759,San Antonio Spurs,SAS,2023-24,22,28.5,-6.5,1,0.8807846201804368,0.2074074074074073,6.47003367003367,16.828775318985702,23.57556091848827,20.202168118736985,No Action
1610612760,Oklahoma City Thunder,OKC,2023-24,57,44.5,12.5,0,0.05860772551304629,0.029100529100529,0.6719576719576716,47.593167003724396,49.30388923826883,48.44852812099661,Above Win Gate
1610612761,Toronto Raptors,TOR,2023-24,25,36.5,-11.5,0,0.6603799464682831,-0.1232323232323232,-7.738720538720539,73.87609888005765,86.62535423254624,80.25072655630194,Investigate
1610612762,Utah Jazz,UTA,2023-24,31,35.5,-4.5,1,0.8673715743162358,-0.271978021978022,-6.9752747252747245,99.54011689823581,83.23764690528564,91.38888190176073,Investigate
1610612763,Memphis Grizzlies,MEM,2023-24,27,45.5,-18.5,0,0.9743500906770571,-0.0879120879120879,-3.3791208791208796,67.782079602132,67.2801073916625,67.53109349689726,Investigate
1610612764,Washington Wizards,WAS,2023-24,15,24.5,-9.5,1,0.7731023152572004,0.0476190476190476,-0.5859788359788354,44.39805214032422,54.885844958126306,49.64194854922526,No Action
1610612765,Detroit Pistons,DET,2023-24,14,28.5,-14.5,1,0.9772753001573956,0.0661375661375661,0.0582010582010585,41.20293727692406,52.02736710789435,46.615152192409205,No Action
1610612766,Charlotte Hornets,CHA,2023-24,21,31.5,-10.5,1,0.7180475053360444,0.0449735449735449,1.455026455026454,44.85449712080997,45.829107128746614,45.34180212477829,No Action
1610612737,Atlanta Hawks,ATL,2024-25,40,36.5,3.5,0,0.011173469905372088,0.0457912457912457,3.8996632996632994,44.71341412684165,34.981298410419996,39.84735626863082,Above Win Gate
1610612738,Boston Celtics,BOS,2024-25,61,58.5,2.5,0,0.0003280879264488633,0.1057239057239056,0.1124579124579128,34.3728605689284,51.786608249200185,43.079734409064294,Above Win Gate
1610612739,Cleveland Cavaliers,CLE,2024-25,64,48.5,15.5,0,0.00048034923258998805,-0.1005291005291004,-3.5806878306878307,69.95897104752548,68.17453870129914,69.06675487441231,Above Win Gate
1610612740,New Orleans Pelicans,NOP,2024-25,21,46.5,-25.5,1,0.8541655195452894,0.0599326599326599,-1.738047138047138,42.27350823115425,59.99802208934385,51.13576516024905,Investigate
1610612741,Chicago Bulls,CHI,2024-25,39,28.5,10.5,0,0.004170689457067283,0.2296296296296296,9.505723905723904,12.994637482905494,10.105017399067744,11.549827440986618,Above Win Gate
1610612742,Dallas Mavericks,DAL,2024-25,39,49.5,-10.5,0,0.37364559232637534,-0.1895604395604395,-10.752747252747252,85.32010019848782,99.9997682431251,92.65993422080646,Above Win Gate
1610612743,Denver Nuggets,DEN,2024-25,50,51.5,-1.5,0,0.060484236884287425,-0.136026936026936,-5.413468013468013,76.08363278567958,76.3073003788286,76.19546658225408,Above Win Gate
1610612744,Golden State Warriors,GSW,2024-25,48,43.5,4.5,0,4.449307712800678e-05,0.2316498316498316,9.098316498316498,12.64607949780729,11.912843226319165,12.279461362063227,Above Win Gate
1610612745,Houston Rockets,HOU,2024-25,52,43.5,8.5,0,0.011157775025068482,0.0484848484848484,1.2794612794612794,44.24867014671072,46.6081584002304,45.428414273470565,Above Win Gate
1610612746,Los Angeles Clippers,LAC,2024-25,50,35.5,14.5,0,5.949784372444783e-07,0.1044973544973545,5.01984126984127,34.58448505988086,30.010631140296635,32.29755810008875,Above Win Gate
1610612747,Los Angeles Lakers,LAL,2024-25,50,43.5,6.5,0,0.00034815692120312563,-0.0153846153846154,1.178205128205128,55.268464906353785,47.057471500779634,51.162968203566706,Above Win Gate
1610612748,Miami Heat,MIA,2024-25,37,44.5,-7.5,0,0.00825019515505927,-0.0579050097592713,4.040338321405335,62.604772285815166,34.357068381877355,48.48092033384626,Above Win Gate
1610612749,Milwaukee Bucks,MIL,2024-25,48,49.5,-1.5,0,0.0012835381494506156,0.1080026024723487,3.0520494469746255,33.97970288502127,38.74249220946728,36.36109754724427,Above Win Gate
1610612750,Minnesota Timberwolves,MIN,2024-25,49,51.5,-2.5,0,0.003964922154757452,0.1387362637362637,5.012362637362638,28.67703367782508,30.04381675425842,29.360425216041747,Above Win Gate
1610612751,Brooklyn Nets,BKN,2024-25,26,19.5,6.5,0,0.45284558474147285,-0.156084656084656,-3.3042328042328046,79.54431563772599,66.94779974709282,73.24605769240941,Investigate
1610612752,New York Knicks,NYK,2024-25,51,53.5,-2.5,0,0.02184306186109325,-0.1309523809523809,-5.408730158730159,75.20808832311148,76.28627666643378,75.74718249477263,Above Win Gate
1610612753,Orlando Magic,ORL,2024-25,41,47.5,-6.5,0,0.245527947032046,0.0563186813186812,4.177197802197802,42.897050377573066,33.74976939913347,38.32340988835327,Above Win Gate
1610612754,Indiana Pacers,IND,2024-25,50,46.5,3.5,0,0.006467136193777498,0.1236174365647365,5.136629798308393,31.28557870612301,29.49239481407682,30.388986760099918,Above Win Gate
1610612755,Philadelphia 76ers,PHI,2024-25,24,50.5,-26.5,1,0.7826083345491817,-0.2275132275132275,-7.0780423280423275,91.86833011084092,83.69366690666526,87.78099850875309,Investigate
1610612756,Phoenix Suns,PHX,2024-25,36,48.5,-12.5,0,0.006199277344011419,-0.1243386243386243,-3.579365079365079,74.06697587189714,68.16866913692495,71.11782250441104,Above Win Gate
1610612757,Portland Trail Blazers,POR,2024-25,36,21.5,14.5,0,0.014663230262628366,0.0632996632996633,8.025589225589226,41.692578255990576,16.672953214437374,29.182765735213977,Above Win Gate
1610612758,Sacramento Kings,SAC,2024-25,40,46.5,-6.5,0,0.013835773040542437,-0.0646464646464646,-0.8747474747474748,63.76791731220987,56.16722422068876,59.96757076644931,Above Win Gate
1610612759,San Antonio Spurs,SAS,2024-25,34,35.5,-1.5,0,0.08870055238594042,-0.0756410256410256,-3.485897435897436,65.66487711572508,67.75391668814544,66.70939690193526,Above Win Gate
1610612760,Oklahoma City Thunder,OKC,2024-25,68,57.5,10.5,0,0.005270318374521077,0.0423280423280423,-0.1759259259259256,45.3109421012957,53.0662800021265,49.1886110517111,Above Win Gate
1610612761,Toronto Raptors,TOR,2024-25,30,29.5,0.5,0,0.11898521912695294,0.1723905723905723,5.01952861952862,22.87044706068782,30.012018491875992,26.441232776281907,No Action
1610612762,Utah Jazz,UTA,2024-25,17,28.5,-11.5,1,0.9937512205443703,-0.0978835978835978,-6.640211640211639,69.50252606703977,81.7508410988074,75.62668358292359,Investigate
1610612763,Memphis Grizzlies,MEM,2024-25,48,47.5,0.5,0,0.2686589929951031,-0.238095238095238,-7.75,93.69411003278384,86.67540560875527,90.18475782076956,Above Win Gate
1610612764,Washington Wizards,WAS,2024-25,18,20.5,-2.5,1,0.589133365602551,0.1547619047619048,2.890211640211639,25.91203043065185,39.46062978274727,32.68633010669956,No Action
1610612765,Detroit Pistons,DET,2024-25,44,25.5,18.5,0,0.0007550230202975094,0.0282828282828283,4.342087542087542,47.73424999769269,33.01808920628084,40.37616960198677,Above Win Gate
1610612766,Charlotte Hornets,CHA,2024-25,19,30.5,-11.5,1,0.8434059129683515,-0.0499999999999999,-9.814102564102566,61.240871920247905,95.83463506220743,78.53775349122766,Investigate
1610612737,Atlanta Hawks,ATL,2025-26,46,46.5,-0.5,0,0.003590106200282461,0.3049450549450549,11.782967032967033,0.0,0.0,0.0,Above Win Gate
1610612738,Boston Celtics,BOS,2025-26,56,41.5,14.5,0,0.0003124657242518195,0.1018518518518518,2.306878306878306,35.04093004036661,42.049107671766365,38.54501885606649,Above Win Gate
1610612739,Cleveland Cavaliers,CLE,2025-26,52,56.5,-4.5,0,0.015056880995136213,0.0484848484848484,0.1124579124579128,44.24867014671072,51.786608249200185,48.017639197955454,Above Win Gate
1610612740,New Orleans Pelicans,NOP,2025-26,26,30.5,-4.5,0,0.2803605919206926,0.1552197802197802,4.167582417582418,25.833030337875485,33.792436617084334,29.81273347747991,No Action
1610612741,Chicago Bulls,CHI,2025-26,31,33.5,-2.5,0,0.7568816882245221,-0.1771043771043771,-4.163636363636364,83.17097848267632,70.76130908068208,76.9661437816792,Investigate
1610612742,Dallas Mavericks,DAL,2025-26,26,41.5,-15.5,0,0.2664371460862884,-0.1018518518518518,-6.001322751322751,70.18719353776838,78.9158415060722,74.55151752192029,Investigate
1610612743,Denver Nuggets,DEN,2025-26,54,53.5,0.5,0,0.0004994841432321065,0.0673400673400673,3.426262626262626,40.99546228579419,37.081962140267514,39.03871221303085,Above Win Gate
1610612744,Golden State Warriors,GSW,2025-26,37,47.5,-10.5,0,0.006438270812010136,-0.2309764309764309,-7.280808080808081,92.46585808529495,84.59341776555291,88.52963792542394,Above Win Gate
1610612745,Houston Rockets,HOU,2025-26,52,52.5,-0.5,0,0.001426876654905221,0.0325309043591411,0.5673389720234221,47.001303083029484,49.76812328093922,48.38471318198435,Above Win Gate
1610612746,Los Angeles Clippers,LAC,2025-26,42,49.5,-7.5,0,0.00028112450781235277,0.0899470899470899,4.568783068783069,37.09493245255243,32.01215259189643,34.55354252222443,Above Win Gate
1610612747,Los Angeles Lakers,LAL,2025-26,53,46.5,6.5,0,0.00014788198259488563,0.1031746031746031,5.197089947089947,34.81270755012375,29.224109514154783,32.01840853213926,Above Win Gate
1610612748,Miami Heat,MIA,2025-26,43,37.5,5.5,0,0.012051684676329036,0.0206043956043955,-0.2568681318681318,49.059057614130516,53.42545219133192,51.24225490273122,Above Win Gate
1610612749,Milwaukee Bucks,MIL,2025-26,32,43.5,-11.5,0,0.14044086990190024,-0.1236174365647365,-7.948601171112557,73.94254487201198,87.55667659188354,80.74961073194777,Investigate
1610612750,Minnesota Timberwolves,MIN,2025-26,49,49.5,-0.5,0,0.00616662441089205,-0.0302197802197802,-4.967032967032967,57.82806791230841,74.32629367040519,66.0771807913568,Above Win Gate
1610612751,Brooklyn Nets,BKN,2025-26,20,19.5,0.5,1,0.92214024297124,-0.11060507482108,-7.701366297983083,71.69744138959675,86.4595988733291,79.07852013146292,Investigate
1610612752,New York Knicks,NYK,2025-26,53,53.5,-0.5,0,0.0026602709026126484,0.0303030303030302,0.5030303030303029,47.38569201259452,50.0534859685294,48.71958899056196,Above Win Gate
1610612753,Orlando Magic,ORL,2025-26,45,51.5,-6.5,0,0.34698200438683685,0.0579050097592712,2.3266102797657773,42.62335129231983,41.96154919943617,42.292450245878,Above Win Gate
1610612754,Indiana Pacers,IND,2025-26,19,37.5,-18.5,0,0.4781754527847836,-0.1245791245791245,-1.6195286195286205,74.1084708701231,59.472109121416175,66.79028999576964,Investigate
1610612755,Philadelphia 76ers,PHI,2025-26,45,43.5,1.5,0,0.0153385850394419,-0.0198412698412698,-1.294973544973545,56.03739914271051,58.031931462693734,57.03466530270212,Above Win Gate
1610612756,Phoenix Suns,PHX,2025-26,45,30.5,14.5,0,0.0013387309331072967,-0.1003367003367003,-0.967003367003367,69.92577504894473,56.57659965595065,63.25118735244769,Above Win Gate
1610612757,Portland Trail Blazers,POR,2025-26,42,35.5,6.5,0,0.008662146228646287,0.0947802197802197,5.271978021978022,36.26104258435734,28.891801869585088,32.57642222697122,Above Win Gate
1610612758,Sacramento Kings,SAC,2025-26,22,32.5,-10.5,0,0.002355386412481273,0.1703296703296703,1.520604395604396,23.22602727625502,45.5381121872722,34.38206973176361,No Action
1610612759,San Antonio Spurs,SAS,2025-26,62,44.5,17.5,0,0.00020708008491710604,0.1534391534391533,6.858465608465608,26.140252920894746,21.851936660168448,23.996094790531597,Above Win Gate
1610612760,Oklahoma City Thunder,OKC,2025-26,64,62.5,1.5,0,0.08912560624336553,0.0961538461538461,-1.6222527472527482,36.0240423060282,59.484197140354624,47.75411972319141,Above Win Gate
1610612761,Toronto Raptors,TOR,2025-26,46,39.5,6.5,0,0.03587707571881597,-0.0632996632996633,3.9542087542087545,63.5355453221444,34.739258919498724,49.13740212082156,Above Win Gate
1610612762,Utah Jazz,UTA,2025-26,22,18.5,3.5,0,0.3340616966537945,-0.1675824175824176,-2.416208791208791,81.5280957452217,63.00729027972597,72.26769301247384,Investigate
1610612763,Memphis Grizzlies,MEM,2025-26,25,39.5,-14.5,0,0.9930545106296558,-0.2049446974625894,-10.75797007156799,87.97444163710702,100.0,93.98722081855351,Investigate
1610612764,Washington Wizards,WAS,2025-26,17,20.5,-3.5,1,0.9616800471076842,-0.1607026675341574,-2.8119713728041624,80.3410897968953,64.7634434656015,72.5522666312484,Investigate
1610612765,Detroit Pistons,DET,2025-26,60,46.5,13.5,0,0.0005868999163804157,-0.0650618087182823,0.5549772283669494,63.83957920114353,49.82297716686694,56.831278184005235,Above Win Gate
1610612766,Charlotte Hornets,CHA,2025-26,44,27.5,16.5,0,0.005920546602075364,0.1939393939393939,8.923905723905724,19.152495219640347,12.686771968894561,15.919633594267454,Above Win Gate
