TEAM_ID,TEAM_NAME,TEAM_ABB,SEASON,WINS,VEGAS_WINS,UNDERPERFORMANCE,GROUND_TRUTH,TANK_PROB,DELTA_PM,DELTA_MIN_CONC,DELTA_ROOKIE_MIN_SHARE,DELTA_INACTIVE_RATE,TWI_PM,TWI_MIN_CONC,TWI_ROOKIE,TWI_INACTIVE,TWI,TWI_FLAG
1610612737,Atlanta Hawks,ATL,2016-17,43,43.5,-0.5,0,0.16673632801453442,-1.228021978021978,-0.0164580930134689,0.0,0.1417582417582417,57.73484120436919,36.47862336267503,53.21778533133765,68.94168348693397,50.57031134959818,Above Win Gate
1610612738,Boston Celtics,BOS,2016-17,53,52.5,0.5,0,0.039868267559837155,-0.3943859649122809,0.0280453284630392,-0.018779119068039,-0.095438596491228,54.03567254021296,26.845804577446486,46.77912885144402,43.078353683999225,39.51695284610983,Above Win Gate
1610612739,Cleveland Cavaliers,CLE,2016-17,51,56.5,-5.5,0,0.07026434730815057,-6.678114478114479,-0.0043950115666551,0.0034355402723815,0.0553535353535353,81.9190307979661,33.8675549613399,54.3957033985569,59.52033776089891,52.714036376020346,Above Win Gate
1610612740,New Orleans Pelicans,NOP,2016-17,34,36.5,-2.5,0,0.41021217381273606,3.4203508771929823,-0.0728954340059834,0.0084221381918184,-0.223298245614035,37.10819488041415,48.694553294894256,56.10542103175785,29.136868214986798,43.947918143389465,Above Win Gate
1610612741,Chicago Bulls,CHI,2016-17,41,39.0,2.0,0,0.21293068848698046,3.5866666666666664,-0.0475073492297882,0.0239465975273229,0.0522105263157894,36.3701867484472,43.19927199203527,61.42817660592702,59.17763218389063,48.67490790446708,Above Win Gate
1610612742,Dallas Mavericks,DAL,2016-17,33,39.5,-6.5,0,0.2976809123005409,-2.021978021978022,-0.0145749720812785,-0.0172829209814658,-0.1359890109890109,61.25793434374054,36.07101958551296,47.29211912912508,38.656841358869364,43.869786800552184,No Action
1610612743,Denver Nuggets,DEN,2016-17,40,37.0,3.0,0,0.011190020665187091,5.332417582417583,0.0961482851149779,-0.0306710788399136,-0.048076923076923,28.623607928179656,12.104838188767943,42.70182130754919,48.242548066070825,28.75553073586711,Above Win Gate
1610612744,Golden State Warriors,GSW,2016-17,67,66.5,0.5,0,0.5379640335607305,-3.7445054945054945,-0.0919295604539829,-0.0196097464053431,0.2098901098901099,68.90146167379532,52.81451272105863,46.494337852018916,76.3706061850151,59.479086230589324,Above Win Gate
1610612745,Houston Rockets,HOU,2016-17,55,44.0,11.0,0,0.049103601845949175,-2.3232758620689653,-0.003139805095695,-0.0594366902395896,0.0206896551724137,62.594910567314166,33.59586402002233,32.83917069195955,55.74067791386989,43.67329744263766,Above Win Gate
1610612746,Los Angeles Clippers,LAC,2016-17,51,53.5,-2.5,0,0.04388009025491159,1.5425824175824174,0.0703711854198182,0.0,-0.0837912087912088,45.440587117670226,17.684322235928594,53.21778533133765,44.34835471627022,35.67507432742706,Above Win Gate
1610612747,Los Angeles Lakers,LAL,2016-17,26,24.5,1.5,0,0.2875032560802962,-2.057471264367817,-0.0398310374927919,0.0685812050240727,0.1367816091954023,61.41543172625868,41.53772513904912,76.73171154519757,68.39904434287689,57.92432757848628,No Action
1610612748,Miami Heat,MIA,2016-17,41,34.5,6.5,0,0.025862706817591622,6.76,0.0420898177885986,0.013154163538911,-0.136140350877193,22.288867032183372,23.805858071859166,57.72785526595647,38.640339648858046,33.253755618143245,Above Win Gate
1610612749,Milwaukee Bucks,MIL,2016-17,42,34.5,7.5,0,0.09487321591623867,-1.383838383838384,-0.0114212427464346,0.007479820161406,0.0742087542087542,58.426259469287245,35.38839110050429,55.782335477496595,61.5762620613997,49.31232784183843,Above Win Gate
1610612750,Minnesota Timberwolves,MIN,2016-17,31,41.5,-10.5,0,0.6939916271305661,-0.7052631578947369,-0.0831772517187096,0.0159591820668937,0.151859649122807,55.415156094902216,50.920065031373355,58.689591045786294,70.04311482165005,57.197598405017054,No Action
1610612751,Brooklyn Nets,BKN,2016-17,20,21.5,-1.5,0,0.3771449749371477,6.365384615384615,-0.0662398249919874,0.0028848454415851,-0.0491758241758241,24.039929656886837,47.253938766615796,54.206890769598935,48.12272673223081,44.17548493838964,No Action
1610612752,New York Knicks,NYK,2016-17,31,38.5,-7.5,0,0.8879808784397425,-1.7971929824561403,-0.1897889366442584,-0.0378623620198727,0.2727017543859649,60.26047530730968,73.99629169448055,40.2361996839983,83.21942545701745,66.34173676745732,Investigate
1610612753,Orlando Magic,ORL,2016-17,29,37.5,-8.5,0,0.44829192573172844,0.0445402298850572,0.0554570537608668,0.050490332981604,-0.2100574712643678,52.08798553996575,20.912503864290695,70.52902918927111,30.58060800670996,39.00452609290564,No Action
1610612754,Indiana Pacers,IND,2016-17,42,44.5,-2.5,0,0.1431855886084017,2.272280701754386,0.0597533238209501,0.0351699739796446,-0.0842105263157894,42.202630761839984,19.982571073324692,65.2762519740637,44.302633417831274,38.34933166007687,Above Win Gate
1610612755,Philadelphia 76ers,PHI,2016-17,28,23.5,4.5,1,0.39558613684035765,-0.2774725274725282,-0.1152197209738075,0.0594022193055721,0.1554945054945055,53.516881944083785,57.85569581042586,73.58458117869064,70.4394501599342,62.65046098071206,Investigate
1610612756,Phoenix Suns,PHX,2016-17,24,29.5,-5.5,0,0.7223384481657883,-0.5838596491228074,-0.185996971378801,0.0527854990517894,0.2286315789473684,54.87644129814997,73.17551627923943,71.31595565992662,78.41412750172667,70.19151140365642,Investigate
1610612757,Portland Trail Blazers,POR,2016-17,41,45.5,-4.5,0,0.2790997005514642,7.188186813186814,-0.0135702364354053,0.004111176741279,-0.023076923076923,20.38883486366289,35.85354335373907,54.627353835020834,50.96848341093124,39.538351763418625,Above Win Gate
1610612758,Sacramento Kings,SAC,2016-17,32,33.5,-1.5,0,0.7962479148671299,-3.800701754385965,-0.218202129992105,0.082584513314347,0.2799999999999999,69.15082643290305,80.146361364381,81.53292140687711,84.01520728400827,78.99833557051008,Investigate
1610612759,San Antonio Spurs,SAS,2016-17,61,57.5,3.5,0,0.07269395956316761,-3.664835164835165,-0.0289628597974497,0.0008268395373861,-0.0098901098901098,68.54793329648817,39.18529508330257,53.501277636058376,52.40633941701146,50.56522810323263,Above Win Gate
1610612760,Oklahoma City Thunder,OKC,2016-17,47,45.0,2.0,0,0.10261569950600194,2.825263157894737,-0.0442462648947806,0.00350449313628,-0.135578947368421,39.74883157200896,42.49340638889152,54.4193447526768,38.701553635549665,43.5713085476037,Above Win Gate
1610612761,Toronto Raptors,TOR,2016-17,51,50.5,0.5,0,0.39014107595686404,0.2196491228070174,-0.0903397758549094,0.082073015076292,-0.1880701754385965,51.31095897282444,52.470401943901734,81.35754782130182,32.97804587988483,54.117471312362916,Above Win Gate
1610612762,Utah Jazz,UTA,2016-17,51,47.5,3.5,0,0.026474275040192993,-1.983859649122807,0.0373102754599056,-0.0506478984593703,-0.0359298245614035,61.08878823179579,24.84039572314812,35.85251817333606,49.56703627330907,39.23782682494743,Above Win Gate
1610612763,Memphis Grizzlies,MEM,2016-17,43,42.5,0.5,0,0.05285767086565054,-2.751436781609195,-0.0210167802514329,-0.036199093662031,-0.0172413793103448,64.49482783560897,37.465356665529555,40.80647209939855,51.60477601132306,46.36735785547794,Above Win Gate
1610612764,Washington Wizards,WAS,2016-17,49,42.5,6.5,0,0.06427222851613039,-3.022222222222222,0.0022562853790721,0.0038918308680965,0.0375757575757575,65.69640862251487,32.42787378539357,54.55214835160132,57.581894848998175,48.5372398787803,Above Win Gate
1610612765,Detroit Pistons,DET,2016-17,37,44.5,-7.5,0,0.2215514254172647,-2.24140350877193,-0.041256430936958,0.0194690886307866,-0.0022456140350877,62.23161095091759,41.84625325418636,59.89300652867189,53.23987547480521,51.81139989255348,Above Win Gate
1610612766,Charlotte Hornets,CHA,2016-17,36,42.5,-6.5,0,0.38476739504832425,-0.173076923076923,-0.0017673707363569,0.0245266655524873,-0.0461538461538461,53.0536378634744,33.29879896211204,61.62706020294092,48.45223540029085,45.94610627818605,Above Win Gate
1610612737,Atlanta Hawks,ATL,2017-18,24,25.5,-1.5,0,0.5749946229747601,-4.690493736182756,-0.1982748079027321,-0.0750319814429232,0.159174649963154,73.09918106840155,75.83306867376982,27.492129523608433,70.84072359518547,64.61963430694702,Investigate
1610612738,Boston Celtics,BOS,2017-18,55,53.5,1.5,0,0.7253019941332035,0.2741341193809874,-0.2087030978284764,-0.0271037097620061,0.2929992630803242,51.06918775754158,78.0902844958734,43.92493853399743,85.43261331152007,67.32146171896119,Above Win Gate
1610612739,Cleveland Cavaliers,CLE,2017-18,50,53.5,-3.5,0,0.13007001049264327,2.3420329670329667,-0.0324274454782331,-0.0057171442864289,-0.1958791208791208,41.893112710898386,39.93520879603814,51.25759071449046,32.126578664588365,41.0295399364107,Above Win Gate
1610612740,New Orleans Pelicans,NOP,2017-18,48,39.5,8.5,0,0.15035867365489602,3.7621052631578946,-0.1389884354749079,0.0409029960991533,-0.0040701754385964,35.59169715776477,63.00046248118159,67.2418905051049,53.04093001805751,56.375088528658075,Above Win Gate
1610612741,Chicago Bulls,CHI,2017-18,27,22.0,5.0,0,0.7059145264775307,-3.7452631578947377,-0.1522255892173142,-0.0564736580273483,0.1764210526315789,68.9048237222474,65.86566023457496,33.85508344507429,72.72122673940765,61.44249087517585,Investigate
1610612742,Dallas Mavericks,DAL,2017-18,24,35.5,-11.5,1,0.8695043530974048,-2.2456896551724137,-0.1573161129586199,0.0392878829312619,0.2086206896551724,62.25063025695202,66.96751018442177,66.68812870048947,76.23219188557924,67.82119424237285,Investigate
1610612743,Denver Nuggets,DEN,2017-18,46,45.5,0.5,0,0.1598472032253918,1.5071839080459768,0.0111412109327717,-0.0104908369041566,0.0428160919540229,45.597664133509035,30.504721026808184,49.62087033400872,58.15328735702221,42.876252775631265,Above Win Gate
1610612744,Golden State Warriors,GSW,2017-18,58,67.5,-9.5,0,0.8587785246735345,-7.270114942528736,-0.1761359572042228,0.0865023263244866,0.2169540229885057,84.54596813355238,71.04108797168955,82.87619273038018,77.1408370005327,77.32903476156888,Above Win Gate
1610612745,Houston Rockets,HOU,2017-18,65,55.5,9.5,0,0.03826632955618112,-0.7992982456140343,0.0026375044762287,0.0036721749290602,-0.0103859649122807,55.832426515508004,32.345358456042625,54.47683655821531,52.35227266777698,45.470450530717116,Above Win Gate
1610612746,Los Angeles Clippers,LAC,2017-18,42,43.5,-1.5,0,0.02299290857996505,-2.756868131868132,0.0786284125004298,0.0,-0.2035714285714285,64.51892885855658,15.897035562296091,53.21778533133765,31.287829327708234,36.16372292843893,Above Win Gate
1610612747,Los Angeles Lakers,LAL,2017-18,35,33.5,1.5,0,0.22727225398256087,4.5873684210526315,-0.1191906633501178,-0.0391403068530399,0.0352280701754385,31.92968212319461,58.715211035289485,39.79804027134392,57.32590908646965,49.29681071031743,Above Win Gate
1610612748,Miami Heat,MIA,2017-18,44,43.5,0.5,0,0.30448902393615024,4.688218390804598,-0.0371875973220843,0.0390581329056369,0.0810344827586206,31.482171408661113,40.96554935370054,66.60935602292741,62.320521849739855,48.46862959774589,Above Win Gate
1610612749,Milwaukee Bucks,MIL,2017-18,44,47.5,-3.5,0,0.18025281971525212,-0.8849122807017544,-0.1187929920247983,-0.1422466289259772,0.1152280701754386,56.21232943576102,58.629134601483,4.446744700574578,66.048902190023,48.79324910586492,Above Win Gate
1610612750,Minnesota Timberwolves,MIN,2017-18,47,48.5,-1.5,0,0.13229129105573192,-2.743950039032006,-0.0926262403377676,-0.0076222201695727,0.1156908665105386,64.46160623397154,52.96530991482843,50.604411556551746,66.09936430551583,57.419200385139206,Above Win Gate
1610612751,Brooklyn Nets,BKN,2017-18,28,27.5,0.5,0,0.22505098742400656,1.819454679439941,-0.0022311546693045,-0.0044610149445409,-0.0128224023581429,44.21199672698296,33.39918554888139,51.68827041237345,52.08660982980828,42.95704961338549,No Action
1610612752,New York Knicks,NYK,2017-18,29,30.5,-1.5,0,0.8901627743232875,-3.9941046425939577,-0.2873198817830059,0.0227262500935409,0.363448784082535,70.00903060398674,95.10698137413928,61.00976518397619,93.11424688465658,82.86940108417961,Investigate
1610612753,Orlando Magic,ORL,2017-18,25,33.5,-8.5,0,0.8670233529136034,-1.9894736842105267,-0.1699676482347472,0.0,0.1817543859649122,61.113699898697625,69.70595012064538,53.21778533133765,73.30275961297787,65.40922901686079,Investigate
1610612754,Indiana Pacers,IND,2017-18,48,31.5,16.5,0,0.016310934075127185,0.2313218390804599,0.0031870098629493,-0.0334198836929807,-0.0083333333333333,51.25916257057541,32.22641735811872,41.759359091135344,52.57608630661815,42.00948853691327,Above Win Gate
1610612755,Philadelphia 76ers,PHI,2017-18,52,39.5,12.5,0,0.012483925591995971,7.647811447811447,0.0229047352965746,-0.0662877207292544,-0.0056565656565656,18.34930079970688,27.958492114230076,30.490208970357592,52.86795413142139,31.524889625989204,Above Win Gate
1610612756,Phoenix Suns,PHX,2017-18,21,28.5,-7.5,0,0.49249795044598094,-1.4856300663227715,-0.0940941161610444,0.0347540168359356,0.0675018422991893,58.87794893111048,53.28303339171452,65.1336358508581,60.84495773223377,58.28452185952628,No Action
1610612757,Portland Trail Blazers,POR,2017-18,49,42.5,6.5,0,0.027027453613358267,5.281609195402298,0.0328951864383613,-0.0017476689611633,-0.0764367816091954,28.84906459052101,25.796047020377888,52.61857511062743,45.15026243613632,35.64199923560811,Above Win Gate
1610612758,Sacramento Kings,SAC,2017-18,27,27.5,-0.5,0,0.17072765702946804,3.435087719298245,-0.0614226236055141,0.0476686921944392,0.0882807017543859,37.04280175479682,46.21124976724653,69.56159425942231,63.11063082882609,52.427505275507656,No Action
1610612759,San Antonio Spurs,SAS,2017-18,47,55.0,-8.0,0,0.16210228365360602,-0.6934414148857777,0.0091845126338585,-0.0176623284502405,-0.0480471628592483,55.362698402807894,30.928250712963777,47.16203452033723,48.245793043240035,42.525405478462545,Above Win Gate
1610612760,Oklahoma City Thunder,OKC,2017-18,48,53.5,-5.5,0,0.21728177405379034,0.0280029476787033,-0.0230281999097093,-0.0052711137375188,0.105526897568165,52.161367921683954,37.90073085534214,51.410517881817405,64.99111141815264,48.87289178646766,Above Win Gate
1610612761,Toronto Raptors,TOR,2017-18,59,48.5,10.5,0,0.01215497938905479,-2.331228070175438,0.0154808914607037,0.0072764728330006,-0.0362105263157894,62.630197621346994,29.565391988176387,55.71261529579038,49.53642927996327,45.40200523469069,Above Win Gate
1610612762,Utah Jazz,UTA,2017-18,48,40.5,7.5,0,0.006594163978500676,8.522988505747128,0.0830026922638985,0.0067664939443401,-0.0991379310344827,14.46579829094697,14.950217477766813,55.537762638209045,42.67498781264238,28.515796739466403,Above Win Gate
1610612763,Memphis Grizzlies,MEM,2017-18,22,37.5,-15.5,0,0.974054053309209,-7.862637362637362,-0.1938190181081781,0.0031129524248861,0.2909340659340659,87.17522159046538,74.86860764556175,54.28510010949494,85.20742955571646,75.28099330936007,Investigate
1610612764,Washington Wizards,WAS,2017-18,43,48.5,-5.5,0,0.23663708210422132,-4.294736842105263,-0.0433026553203436,0.0607230597085795,0.0682105263157894,71.34305312026477,42.289160968360065,74.03744787541461,60.9222308046013,58.17621074740016,Above Win Gate
1610612765,Detroit Pistons,DET,2017-18,39,38.5,0.5,0,0.020745078686545387,-0.1347368421052631,0.0056627984627687,0.0103035713654763,-0.1108771929824561,52.88350794600295,31.690529955726877,56.75049399024803,41.39496904998016,42.88200617953698,Above Win Gate
1610612766,Charlotte Hornets,CHA,2017-18,36,42.5,-6.5,0,0.1762777424147468,2.8540350877192986,-0.0225455366981874,0.0186522224241107,-0.0467368421052631,39.62115927913704,37.79625782615401,59.612933705459895,48.38866702949573,44.64305513328014,Above Win Gate
1610612737,Atlanta Hawks,ATL,2018-19,29,23.5,5.5,0,0.024873333412591604,5.218390804597702,-0.0343216251527264,0.0010311794662878,0.0158045977011494,29.129589287853126,40.345206251193105,53.57133814329288,55.20802388096613,43.71987276289967,No Action
1610612738,Boston Celtics,BOS,2018-19,49,59.0,-10.0,0,0.126022447696699,-6.747126436781609,0.0099414266078866,-0.0149945900792091,0.0235632183908045,82.22526381925941,30.76441577834716,48.076702076736936,56.05400381557798,49.57696025365374,Above Win Gate
1610612739,Cleveland Cavaliers,CLE,2018-19,19,30.5,-11.5,0,0.3738022682339756,3.1594827586206904,-0.0222450715091858,0.0140422730929569,-0.0827586206896551,38.26576863505595,37.731221776769594,58.032354764271346,44.46094545237852,43.244302481049,No Action
1610612740,New Orleans Pelicans,NOP,2018-19,33,45.5,-12.5,0,0.8561723649404818,-7.518791451731761,-0.1901979627819599,0.0,0.1525423728813559,85.64944295456463,74.08482589100251,53.21778533133765,70.11755725461822,71.43088746450512,Investigate
1610612741,Chicago Bulls,CHI,2018-19,22,30.0,-8.0,0,0.803460696502791,0.1149425287356322,-0.2016135267365026,0.0461251685950484,0.1106321839080459,51.77558303611862,76.5557383569877,69.0323778361663,65.54777863733324,67.89344324471872,Investigate
1610612742,Dallas Mavericks,DAL,2018-19,33,35.5,-2.5,0,0.038469809076878116,-4.084912280701754,-0.078978115928916,-0.0205214999181157,-0.0485614035087719,70.4119795698086,50.011157069341685,46.18173172593762,48.18972157274802,52.96114940143553,No Action
1610612743,Denver Nuggets,DEN,2018-19,54,47.5,6.5,0,0.0020606791488791327,-3.094736842105263,0.1520723845743958,-0.0481545807370425,-0.263719298245614,66.01818431999695,0.0,36.70738342293245,24.72946117319142,25.491005783224168,Above Win Gate
1610612744,Golden State Warriors,GSW,2018-19,57,62.5,-5.5,0,0.058510161088735156,-2.105263157894737,0.0597084076687867,0.0203768333025176,-0.128140350877193,61.62750302854803,19.992293228160545,60.20423817332752,39.512638959213376,40.265793323482,Above Win Gate
1610612745,Houston Rockets,HOU,2018-19,53,56.5,-3.5,0,0.021545980182679017,8.792280701754386,0.0764086313096072,0.0,-0.1539649122807017,13.270843613718084,16.377509854937617,53.21778533133765,36.69679557139969,27.18808884526613,Above Win Gate
1610612746,Los Angeles Clippers,LAC,2018-19,48,37.0,11.0,0,0.025355007395791822,1.4119380987472367,-0.0060065833203975,-0.0079978415715815,-0.1711127487103905,46.02030699875164,34.216381594172795,50.47562504823534,34.82703983493673,39.95114701405386,Above Win Gate
1610612747,Los Angeles Lakers,LAL,2018-19,37,48.5,-11.5,0,0.7477286757075021,-1.7270175438596491,-0.1891117970366389,-0.0737874809803916,0.2116491228070176,59.949079471036704,73.84972401684836,27.91882211436724,76.56240440430571,62.42595080468128,Above Win Gate
1610612748,Miami Heat,MIA,2018-19,39,43.0,-4.0,0,0.03940637124073204,1.184065934065934,0.0256745165170722,-0.002111116251812,-0.1771978021978021,47.03146481555244,27.358969657605787,52.49396264906538,34.16354133986867,37.681381623939615,Above Win Gate
1610612749,Milwaukee Bucks,MIL,2018-19,60,48.0,12.0,0,0.027986997027069742,-2.9719298245614043,-0.0383103490689333,0.0242739648067413,0.1658947368421052,65.47324160651924,41.20857031162631,61.54041858316225,71.5734644889401,56.20085306037485,Above Win Gate
1610612750,Minnesota Timberwolves,MIN,2018-19,36,41.5,-5.5,0,0.31313225689766994,-5.495438596491228,-0.1902309520559213,0.0053858010106631,0.2392982456140351,76.67103587889534,74.0919664587922,55.064374750739255,79.5771932488671,71.89930735921723,Above Win Gate
1610612751,Brooklyn Nets,BKN,2018-19,42,32.0,10.0,0,0.0017099431397311765,1.249815770081061,0.0706157117583466,-0.0075220284573662,-0.1403095062638172,46.739707106869375,17.631394217607504,50.6387635415779,38.18574572779349,34.16540096229116,Above Win Gate
1610612752,New York Knicks,NYK,2018-19,17,28.5,-11.5,0,0.1086717107169156,-1.7686781609195403,-0.0264252474846435,-9.669088570063432e-05,-0.2419540229885057,60.133943904355135,38.6360258643206,53.18463364858259,27.10269049775012,43.538663955865815,No Action
1610612753,Orlando Magic,ORL,2018-19,42,31.0,11.0,0,0.01701916544065865,6.268238761974945,0.0199105301449086,0.0506470015059196,-0.0266764922623434,24.471003760133954,28.60659139906869,70.58274495760004,50.57599569617892,40.56858544241006,Above Win Gate
1610612754,Indiana Pacers,IND,2018-19,48,47.5,0.5,0,0.04130429073591644,-6.474137931034483,-0.0269642442239729,0.0205181830042461,-0.0160919540229885,81.0139071716889,38.75269235295294,60.25270169122033,51.73010637200629,54.10041998816428,Above Win Gate
1610612755,Philadelphia 76ers,PHI,2018-19,51,53.5,-2.5,0,0.09816649802965913,-3.515804597701149,-0.0288792660923834,-0.0320700161456729,-0.0862068965517241,67.88662644880638,39.16720112589944,42.22217810830978,44.0849543703288,46.50563223584877,Above Win Gate
1610612756,Phoenix Suns,PHX,2018-19,19,29.0,-10.0,0,0.604196427168187,3.0729550478997787,-0.1058613156162087,0.0010781749649827,0.1347089167280766,38.64972589103628,55.83005778221162,53.58745113938718,68.17304331664853,54.41406718229905,No Action
1610612757,Portland Trail Blazers,POR,2018-19,53,42.0,11.0,0,0.09254007673720817,3.862456140350877,-0.056632458802289,-0.0143963919295785,-0.0009824561403508,35.14640111189442,45.17441286864528,48.281801814292486,53.37760694486132,45.43092712166776,Above Win Gate
1610612758,Sacramento Kings,SAC,2018-19,39,26.0,13.0,0,0.0012643804376048897,0.3480701754385965,0.0525330398050051,0.0073825667981929,-0.223578947368421,50.7411045924449,21.545410180879482,55.748990942272414,29.106261221640995,35.73743542362346,Above Win Gate
1610612759,San Antonio Spurs,SAS,2018-19,48,43.5,4.5,0,0.01542017492994624,2.49521002210759,0.0264692872733073,0.025159709079307,-0.0789977892409727,41.21340627632858,27.186940577220287,61.84410711505882,44.87101678725956,40.46048226661751,Above Win Gate
1610612760,Oklahoma City Thunder,OKC,2018-19,49,48.5,0.5,0,0.008557551159679051,-6.045614035087719,0.0360789468835661,0.0538953072975922,-0.0161403508771929,79.11237923527544,25.106918265627527,71.69646733501574,51.724829304188056,50.54950248114686,Above Win Gate
1610612761,Toronto Raptors,TOR,2018-19,58,55.5,2.5,0,0.025039345572282535,1.6337509211495949,-0.045002983372162,0.0181864646875821,-0.187177597641857,45.03603685082692,42.657199008025245,59.45324282446089,33.07537025445163,44.575809589157984,Above Win Gate
1610612762,Utah Jazz,UTA,2018-19,50,49.5,0.5,0,0.1279452776081919,6.594385964912281,-0.032198617869063,0.0398452301745486,0.0378947368421052,23.023761205787586,39.88567878645548,66.87922219249711,57.61667552325477,45.45820329889008,Above Win Gate
1610612763,Memphis Grizzlies,MEM,2018-19,33,34.5,-1.5,0,0.9666183563876608,2.0994841562269713,-0.3806023748497303,0.0775518040767092,0.2029476787030213,42.96939654023414,100.0,79.80739392995265,75.61362144292927,79.67808238262322,Investigate
1610612764,Washington Wizards,WAS,2018-19,32,45.5,-13.5,0,0.7175675271652796,0.2155172413793105,-0.151619040851254,0.0595881219143595,0.093103448275862,51.32929374490843,65.73437211557454,73.648320219503,63.636490636913855,64.01656976649487,Investigate
1610612765,Detroit Pistons,DET,2018-19,41,38.5,2.5,0,0.024594507316460557,4.017857142857142,0.0398298880221673,0.0395842996227064,-0.2217032967032967,34.45682615374779,24.295022571691344,66.78975888048902,29.310777319347924,35.82948149939349,Above Win Gate
1610612766,Charlotte Hornets,CHA,2018-19,39,35.5,3.5,0,0.10550384289543757,-1.9312280701754383,-0.029171969491946,0.0410446185567884,0.1583157894736842,60.85524135459105,39.230557126680075,67.29044754078092,70.74707566860347,55.470775763467124,Above Win Gate
1610612737,Atlanta Hawks,ATL,2019-20,20,33.5,-13.5,0,0.1441196129311089,4.641233766233767,0.0804072539998266,0.0750261662041637,-0.1243506493506493,31.69066054321904,15.5120031930348,78.94144731152973,39.925858212720456,36.316394490707765,No Action
1610612738,Boston Celtics,BOS,2019-20,48,48.5,-0.5,0,0.052683897053683225,-2.2592592592592595,-0.0213641949199434,0.0138830433633141,0.0259259259259259,62.31084389148038,37.540554985884725,57.97776085457612,56.311627334760196,50.336268410517235,Above Win Gate
1610612739,Cleveland Cavaliers,CLE,2019-20,19,24.5,-5.5,0,0.5260154477019271,5.779461279461279,-0.1008801098072207,0.0220076677671623,0.0468013468013467,26.63990039922602,54.751869829511435,60.76339022169434,58.58782923888606,51.09897190376586,No Action
1610612740,New Orleans Pelicans,NOP,2019-20,30,37.5,-7.5,0,0.01526403152635098,1.0748663101604277,0.0969650617810672,-0.038338920532617,-0.1858823529411765,47.51602620749862,11.928045902885057,40.07280562142208,33.216600386844746,28.932304804307115,No Action
1610612741,Chicago Bulls,CHI,2019-20,22,33.5,-11.5,0,0.7897618121831285,0.0909090909090908,-0.1044752603520924,-0.0619126470398486,0.2018181818181818,51.882228788823404,55.53004446317742,31.990257852216374,75.49046402371754,54.08460791822244,No Action
1610612742,Dallas Mavericks,DAL,2019-20,43,40.5,2.5,0,0.04314228765360228,-3.8818181818181814,-0.0048124389323038,-0.0379354815318153,0.1772727272727272,69.51077171092221,33.95790761369521,40.211129742342884,72.81409113967274,50.09036156406565,Above Win Gate
1610612743,Denver Nuggets,DEN,2019-20,46,53.0,-7.0,0,0.186989517141323,-6.708080808080808,-0.0956150039515836,-0.0309171434220129,0.1351515151515151,82.05200311087962,53.61223137229371,42.617454979700376,68.22130310408974,60.02304478785143,Above Win Gate
1610612744,Golden State Warriors,GSW,2019-20,15,47.5,-32.5,0,0.9529357255218167,-1.7636363636363637,-0.1925438357408428,0.0,-0.0836363636363636,60.11157148014642,74.59259289759133,53.21778533133765,44.365238631493135,61.37595624763198,Investigate
1610612745,Houston Rockets,HOU,2019-20,44,54.0,-10.0,0,0.1965706183625751,-2.9814814814814814,-0.0096174753709,0.0,-0.1296296296296296,65.51562603978974,34.997963495552526,53.21778533133765,39.35025185562872,45.615918043572236,Above Win Gate
1610612746,Los Angeles Clippers,LAC,2019-20,49,53.5,-4.5,0,0.21583752572747267,3.499465240641711,-0.0702847571041198,-0.0014198174356785,-0.1118716577540106,36.757133542429834,48.129469158257514,52.73098311769942,41.286535183180206,45.4067180319649,Above Win Gate
1610612747,Los Angeles Lakers,LAL,2019-20,52,50.5,1.5,0,0.04501960008695897,-6.415094339622642,0.0065037363498781,0.0031779176276963,0.0283018867924528,80.75190769021833,31.508507944667937,54.307374244001785,56.570695962923025,50.92939875729581,Above Win Gate
1610612748,Miami Heat,MIA,2019-20,44,43.5,0.5,0,0.08022111868349883,-1.5623781676413253,-0.0155491027706361,0.0222845813763094,-0.0853801169590643,59.21851023960294,36.28187133785889,60.85833352534165,44.17510427889043,47.36313814391056,Above Win Gate
1610612749,Milwaukee Bucks,MIL,2019-20,56,57.5,-1.5,0,0.07298303612898695,-7.7953216374269,-0.0368742198960942,0.0143989483034259,0.09317738791423,86.87651541968157,40.89771843518256,58.15464533321566,63.64455282385839,58.09423008942415,Above Win Gate
1610612750,Minnesota Timberwolves,MIN,2019-20,19,35.5,-16.5,0,0.6170589249273873,-4.361921097770154,-0.1627974011380592,-0.1552160967735057,-0.1567753001715266,71.64117590931411,68.15394156408605,0.0,36.39035814402499,48.867883436302236,No Action
1610612751,Brooklyn Nets,BKN,2019-20,35,43.5,-8.5,0,0.7195057476959894,-0.4419066534260178,-0.13417818727301,0.0521665857165855,0.1878848063555114,54.246540399907985,61.95927850692664,71.10375346120978,73.97120479784135,64.64801113456248,Above Win Gate
1610612752,New York Knicks,NYK,2019-20,21,26.5,-5.5,0,0.03343419122749674,3.0545454545454547,0.0572824157205819,-0.0170725515301366,-0.1418181818181818,38.73141644876799,20.517402085775373,47.3642469337396,38.021243647090714,33.030342240229814,No Action
1610612753,Orlando Magic,ORL,2019-20,33,41.5,-8.5,0,0.3059782928367841,1.9353535353535352,-0.0745654916202898,0.0156237602809685,0.1472727272727272,43.697708225448764,49.05603926216976,58.574587479984295,69.54296872584025,53.98546859112257,No Action
1610612754,Indiana Pacers,IND,2019-20,45,46.5,-1.5,0,0.4283212878872292,-0.7565656565656567,-0.1232463615780918,0.0443416653653201,0.2175757575757575,55.64280532369269,59.593071765576674,68.42088138708391,77.20862933199317,64.09169191478463,Above Win Gate
1610612755,Philadelphia 76ers,PHI,2019-20,43,54.5,-11.5,0,0.38720160963246214,-0.1404040404040403,-0.0745487366420526,0.0742382706058406,0.1543434343434343,52.908655518841364,49.05241262709868,78.67130742470955,70.31394033852804,59.99974570725527,Above Win Gate
1610612756,Phoenix Suns,PHX,2019-20,34,29.5,4.5,0,0.03179032812962512,5.7555555555555555,-0.0193690655528998,0.1027578636209187,0.0363636363636363,26.745979435370526,37.10870684908554,88.44960755184309,57.449728286823124,49.372545794441564,Above Win Gate
1610612757,Portland Trail Blazers,POR,2019-20,35,46.5,-11.5,0,0.7484815720973835,2.912698412698413,-0.0941826063673821,0.0193201556063303,0.0674603174603174,39.36084718838599,53.302187202671924,59.84194297348,60.84042997119495,53.32951890768096,Above Win Gate
1610612758,Sacramento Kings,SAC,2019-20,31,37.5,-6.5,0,0.15647816056920094,3.388888888888889,0.0155239202986993,0.0252680843847497,-0.0148148148148148,37.24780401367653,29.55607834474856,61.881264947655815,51.869362328321,42.022117595830096,No Action
1610612759,San Antonio Spurs,SAS,2019-20,32,46.5,-14.5,0,0.9238701258061766,0.8442265795206972,-0.1369194216661094,0.0953646891774631,0.2496732026143791,48.539464795653345,62.55262196863107,85.91476497670038,80.7084517284129,68.05358508760575,Investigate
1610612760,Oklahoma City Thunder,OKC,2019-20,44,32.5,11.5,0,0.11843014903370498,-2.5229946524064175,-0.1197347044918239,-0.0010953757148541,0.1065240641711229,63.48114086356011,58.83296939084717,52.8422220304815,65.09983988566134,59.81782831227946,Above Win Gate
1610612761,Toronto Raptors,TOR,2019-20,53,46.5,6.5,0,0.016002710298278173,-0.3860962566844916,0.0110724952386581,0.0,0.0027807486631016,53.998887866291724,30.519594620953,53.21778533133765,53.78793706420849,44.408759900748784,Above Win Gate
1610612762,Utah Jazz,UTA,2019-20,44,53.5,-9.5,0,0.44864987282812696,-6.407407407407408,-0.0635621588896322,0.0,0.0703703703703703,80.71779776894944,46.67435473744284,53.21778533133765,61.15773461451204,57.688405437936964,Above Win Gate
1610612763,Memphis Grizzlies,MEM,2019-20,34,27.5,6.5,0,0.060114989041541,1.4444444444444444,-0.070632404940897,-0.0369771150367665,0.1649122807017544,45.87606364374015,48.20471794816278,40.53971771396722,71.46634001222981,50.85831145325255,Above Win Gate
1610612764,Washington Wizards,WAS,2019-20,25,27.0,-2.0,0,0.46778207922668547,-1.6683217477656402,-0.0598291236338838,0.1047752928500258,0.0730883813306852,59.688623293263475,45.86633479325775,89.1413084634596,61.45409950028966,60.40334016870565,Investigate
1610612765,Detroit Pistons,DET,2019-20,20,37.5,-17.5,0,0.8800198172151309,-7.070175438596491,-0.1981365528276283,-0.0203444322437457,0.2210526315789474,83.65875844486085,75.80314319747094,46.24244159868678,77.58773868139004,71.81904502397592,Investigate
1610612766,Charlotte Hornets,CHA,2019-20,23,23.5,-0.5,0,0.22060397591371034,3.205387205387206,-0.0797671416610897,-0.0497534490531379,0.0646464646464646,38.062072671405474,50.181942632400556,36.159191369480645,60.533614737574304,47.02375280865231,No Action
1610612737,Atlanta Hawks,ATL,2020-21,41,34.5,6.5,0,0.006177974661861245,3.805555555555556,0.0207518024513337,-0.1418596405397054,0.0,35.39889123580575,28.42449700254905,4.5794285219979844,53.48473142157162,30.062409036894692,Above Win Gate
1610612738,Boston Celtics,BOS,2020-21,36,44.5,-8.5,0,0.3531728590371407,1.1388888888888888,-0.0792485647715413,0.136411704048294,-0.1388888888888889,47.231933014178715,50.06969604466652,99.9882487924651,38.34064617234708,57.14004401366479,Above Win Gate
1610612739,Cleveland Cavaliers,CLE,2020-21,22,22.5,-0.5,0,0.07999969366265391,-1.944444444444444,-0.0557592793473481,0.0794034515465517,-0.0166666666666666,60.91388757042247,44.98541213168238,80.44225448634961,51.66744119166468,56.5988815023603,No Action
1610612740,New Orleans Pelicans,NOP,2020-21,31,36.5,-5.5,0,0.7811109506014154,0.25,-0.1967490145363258,0.038638426172458,0.2944444444444444,51.17628027363638,75.50280887542927,66.46545430594877,85.59019214992762,70.84750889607426,Investigate
1610612741,Chicago Bulls,CHI,2020-21,31,29.5,1.5,0,0.11374749773926834,-1.2941176470588236,-0.085080944791275,-0.0333244640011013,0.031578947368421,58.028133509275136,51.33212167291489,41.79207492914684,56.928018172974234,51.8824939914452,No Action
1610612742,Dallas Mavericks,DAL,2020-21,42,42.5,-0.5,0,0.043239422434362094,5.292569659442725,0.0289187899473643,0.0185092665664909,-0.0637770897832817,28.80042872968324,26.656742794886203,59.56391949687707,46.530642492268264,37.641695261720194,Above Win Gate
1610612743,Denver Nuggets,DEN,2020-21,47,44.5,2.5,0,0.1416444948028445,-0.75,-0.0240323731700312,0.0535221406196848,-0.0277777777777777,55.61367094052624,38.118085358091086,71.568522459642,50.45591437172672,50.77485569761542,Above Win Gate
1610612744,Golden State Warriors,GSW,2020-21,39,37.5,1.5,0,0.259419306277425,1.1706563706563706,-0.0989474509989203,0.0505036078091249,0.1607722007722007,47.0909682870731,54.33354351983969,70.5335806303652,71.0149164038091,59.46131047218535,Above Win Gate
1610612745,Houston Rockets,HOU,2020-21,17,34.5,-17.5,1,0.495268761421958,-4.998452012383901,-0.0432572054161313,0.0987508838086259,0.063157894736842,74.46571224900802,42.2793232822551,87.0757642719881,60.371304924376865,61.29428560197664,Investigate
1610612746,Los Angeles Clippers,LAC,2020-21,47,46.5,0.5,0,0.2522440016629091,1.6640866873065017,-0.0885834052521267,0.0409853006086365,0.1557275541795665,44.9014252052093,52.090233427077926,67.27010963835544,70.46486118584144,57.36337257671241,Above Win Gate
1610612747,Los Angeles Lakers,LAL,2020-21,42,47.5,-5.5,0,0.3455323643710405,-4.654054054054054,-0.0548716945366249,0.0353585231834386,0.2074131274131274,72.93748396301922,44.7932933382379,65.34089843316482,76.10052242171085,60.79309829887415,Above Win Gate
1610612748,Miami Heat,MIA,2020-21,40,43.5,-3.5,0,0.2723805989163576,3.2222222222222223,-0.0575543069997458,-0.0168783661816099,-0.0722222222222221,37.98736912482484,45.373948013112276,47.43082581574476,45.60980709197487,44.355179611753805,Above Win Gate
1610612749,Milwaukee Bucks,MIL,2020-21,46,49.5,-3.5,0,0.09273692420365023,-0.7777777777777777,0.0014516567919488,0.0,0.0777777777777777,55.73693179238429,32.602036605060476,53.21778533133765,61.96541916113735,47.22484189899605,Above Win Gate
1610612750,Minnesota Timberwolves,MIN,2020-21,23,29.5,-6.5,0,0.10197972980624051,7.055555555555556,-0.002914083280922,-0.0309722299622959,0.05,20.977371568413698,33.54700626335009,42.5985678685285,58.936602111292444,37.92131081498697,No Action
1610612751,Brooklyn Nets,BKN,2020-21,48,45.5,2.5,0,0.28313971904370344,-1.0285714285714285,-0.0734503268168755,0.0832584179400654,0.0373745173745173,56.849801197731274,48.814660507221106,81.76397805918818,57.55995213790348,58.760610481853035,Above Win Gate
1610612752,New York Knicks,NYK,2020-21,41,21.5,19.5,0,0.008264057323601122,3.7976833976833975,-0.0328063211084727,0.0136923236829691,0.1111969111969111,35.43382307567595,40.01721687917314,57.91237022036972,65.60935504041021,47.79799641896044,Above Win Gate
1610612753,Orlando Magic,ORL,2020-21,21,31.5,-10.5,0,0.739701546172483,-5.4444444444444455,-0.1829144012740166,0.0306515990458612,0.0555555555555555,76.44475490453698,72.50829029465247,63.72707046344072,59.54236552126143,68.94615429570882,Investigate
1610612754,Indiana Pacers,IND,2020-21,34,38.5,-4.5,0,0.2920010155402439,-0.5258687258687259,-0.1057071445184199,0.1123093468143245,0.0531274131274131,54.61911291653799,55.79668726377398,91.72445334908204,59.27760715057229,63.44290958874806,Above Win Gate
1610612755,Philadelphia 76ers,PHI,2020-21,49,43.5,5.5,0,0.08922509571989351,4.166666666666667,-0.0529033706400559,0.0263341578444065,0.0833333333333333,33.796500161651075,44.36724727757057,62.24678160284035,62.571182571106334,49.46979177814778,Above Win Gate
1610612756,Phoenix Suns,PHX,2020-21,51,38.5,12.5,0,0.020884539830857172,-1.2965250965250965,-0.0136141729023711,-0.0269292907338984,0.0299613899613899,58.038816303067776,35.86305345454262,43.984740285159106,56.751643896647565,46.10026147879194,Above Win Gate
1610612757,Portland Trail Blazers,POR,2020-21,42,40.5,1.5,0,0.010167280238464084,4.320463320463321,0.0448867194457888,0.014929925095519,-0.2401544401544401,33.114044325494916,23.200465364288572,58.33669738532188,27.298912355885463,33.03011695905588,Above Win Gate
1610612758,Sacramento Kings,SAC,2020-21,31,28.5,2.5,0,0.3101201393360012,3.916666666666667,-0.1084385439205868,0.0510957248682954,0.1444444444444444,34.905847828373545,56.387901929932724,70.73659538979406,69.23458008076513,57.530565431759634,No Action
1610612759,San Antonio Spurs,SAS,2020-21,33,28.5,4.5,0,0.012539577110919624,-3.18125,0.0440439328567549,0.0230390390664762,-0.0474999999999999,66.40207699940221,23.382887529089313,61.117008806008336,48.30545426633683,44.5180630259852,No Action
1610612760,Oklahoma City Thunder,OKC,2020-21,22,22.5,-0.5,1,0.7488067843523715,-10.22222222222222,-0.2281407058631003,-0.0059681927364219,0.3166666666666667,97.64562142412187,82.29757799385023,51.17151560503201,88.01324578980356,80.28510776133159,Investigate
1610612761,Toronto Raptors,TOR,2020-21,27,42.5,-15.5,0,0.6913059639724423,-3.7777777777777777,-0.1384569970455152,0.0175003330185931,0.1055555555555555,69.04910379305387,62.88543199777149,59.21799397702612,64.99423621098227,63.80643959532106,Investigate
1610612762,Utah Jazz,UTA,2020-21,52,41.5,10.5,0,0.09062463146703921,0.8888888888888893,-0.0982583281637472,0.0265825668027443,0.1333333333333333,48.341280680901185,54.1843820582768,62.33195172948316,68.02305326082717,57.41300995755303,Above Win Gate
1610612763,Memphis Grizzlies,MEM,2020-21,38,31.5,6.5,0,0.0048150264307260235,0.3874999999999999,0.0373799549008161,-0.0081143714539717,-0.05875,50.56613905693902,24.825313524856888,50.435671316665996,47.07878336114963,39.546244156893685,Above Win Gate
1610612764,Washington Wizards,WAS,2020-21,34,32.5,1.5,0,0.06628802389682299,4.829721362229103,-0.0262962311614454,0.0179873471783092,0.0851393188854489,30.854267443924826,38.60810012691724,59.38497288929005,62.7681025650591,46.044708630421695,Above Win Gate
1610612765,Detroit Pistons,DET,2020-21,20,23.5,-3.5,0,0.12130066013779921,-1.1111111111111112,-0.0704358054944384,0.0414621580701628,0.0666666666666666,57.216062014680915,48.162163762929815,67.43360619927066,60.75389234119939,56.34557761620212,No Action
1610612766,Charlotte Hornets,CHA,2020-21,33,26.5,6.5,0,0.053988132319249094,-2.867181467181467,-0.0275434017633385,0.1079685989934908,0.1127413127413127,65.00843222310947,38.878051694767876,90.23617352174116,65.77775259067187,59.75569234501165,No Action
1610612737,Atlanta Hawks,ATL,2021-22,43,47.5,-4.5,0,0.07461050806098196,3.683908045977012,-0.0101093017134586,0.0176072699309878,-0.0275862068965517,35.93868875945998,35.104419895408654,59.254658638527836,50.47680276517392,43.17579799079581,Above Win Gate
1610612738,Boston Celtics,BOS,2021-22,51,45.5,5.5,0,0.057068899238656975,7.009090909090908,-0.0764672478453208,0.0215321344549796,-0.1984848484848485,21.18355335697627,49.467676670746854,60.600347661987605,31.842456865407094,42.51234224517294,Above Win Gate
1610612739,Cleveland Cavaliers,CLE,2021-22,44,26.5,17.5,0,0.007487245676561704,-6.887931034482759,-0.0470126743609714,0.0671719889541882,-0.0482758620689655,82.85006882695367,43.09219902526497,76.2485441427727,48.22085627287564,58.700773458626394,Above Win Gate
1610612740,New Orleans Pelicans,NOP,2021-22,36,39.5,-3.5,0,0.19518185996675225,7.899042004421519,-0.0823261213304281,0.0315114743235722,-0.1006632277081798,17.234492672567807,50.73583684124993,64.02188948603039,42.50867340807323,45.04734584983426,Above Win Gate
1610612741,Chicago Bulls,CHI,2021-22,46,42.5,3.5,0,0.056710314547284764,-9.428150331613852,-0.0580408124834098,0.0451343680753175,0.0834193072955047,94.1220142278967,45.47925270669925,68.69266945242721,62.58055694959517,63.27074920866352,Above Win Gate
1610612742,Dallas Mavericks,DAL,2021-22,52,48.5,3.5,0,0.04028516087592041,-0.1820191599115697,-0.049227151322312,0.0304578419370533,-0.0476050110537951,53.09331806174558,43.57152521109357,63.660638408793666,48.29400413261118,50.43820220506752,Above Win Gate
1610612743,Denver Nuggets,DEN,2021-22,48,47.5,0.5,0,0.017215850679166624,0.7471264367816093,0.0123249110973086,-0.1003098352603329,0.0034482758620689,48.97033606279745,30.2485077110062,18.825300334785123,53.860722503621325,36.430674864643265,Above Win Gate
1610612744,Golden State Warriors,GSW,2021-22,53,48.5,4.5,0,0.008836904240780359,-4.915254237288136,-0.0003067238849481,0.0,0.0196020633750921,74.09653121829206,32.98264020482946,53.21778533133765,55.622089717025915,49.780337335262914,Above Win Gate
1610612745,Houston Rockets,HOU,2021-22,20,27.5,-7.5,1,0.22340286234900752,4.030172413793103,-0.080446825473379,-0.0112534154345257,-0.0350574712643678,34.40217848543634,50.3290610061753,49.35941072143588,49.662155420732866,46.816373327991144,No Action
1610612746,Los Angeles Clippers,LAC,2021-22,42,45.5,-3.5,0,0.10784307911219332,3.359875097580016,-0.0791070636007231,-0.0078403421240199,-0.0029664324746291,37.376549540441616,50.03906794706939,50.52962570901969,53.161279296342286,48.22911808798848,Above Win Gate
1610612747,Los Angeles Lakers,LAL,2021-22,33,52.5,-19.5,0,0.6701770832898428,-5.4094827586206895,-0.1091362701051553,0.0066298264550218,0.1339080459770114,76.28961624616392,56.53892559675809,55.49090447556031,68.08571844116878,62.58881807128185,Investigate
1610612748,Miami Heat,MIA,2021-22,53,48.5,4.5,0,0.017180709749792945,-0.0832719233603533,0.030565554935811,0.0113677953572611,-0.0871039056742815,52.65513799589204,26.300298544325827,57.11537653217863,43.98714681545514,41.27165168643549,Above Win Gate
1610612749,Milwaukee Bucks,MIL,2021-22,51,54.5,-3.5,0,0.06858521290009353,0.0136363636363636,-0.0114936455450856,-0.013285281152686,-0.0412121212121212,52.22511806762853,35.40406277283441,48.662760078500646,48.991068307619905,44.13741439988358,Above Win Gate
1610612750,Minnesota Timberwolves,MIN,2021-22,46,35.5,10.5,0,0.03960325188609192,4.194546794399411,-0.055315819289552,-0.0568550913175004,0.0552689756816506,33.67278514305811,44.88942467198803,33.72430425802154,59.5111175929653,43.3374112676042,Above Win Gate
1610612751,Brooklyn Nets,BKN,2021-22,44,56.5,-12.5,0,0.03637612208364091,2.782608695652174,0.0756200723977024,0.0,-0.2701547531319086,39.938106084665314,16.548194374191173,53.21778533133765,24.027755815799214,30.05600719603691,Above Win Gate
1610612752,New York Knicks,NYK,2021-22,37,41.5,-4.5,0,0.03859793755367144,4.943257184966839,0.0472400637768163,0.0557921835407337,0.0384672070744288,30.350464643750737,22.69108117026656,72.34683514354866,57.67909619686162,41.15171166493883,Above Win Gate
1610612753,Orlando Magic,ORL,2021-22,22,22.5,-0.5,0,0.7280285462053208,2.3606060606060604,-0.2074681259804834,0.1121834201919753,0.2175757575757576,41.81069663882186,77.82297336288883,91.681277827374,77.20862933199318,73.26931010479335,Investigate
1610612754,Indiana Pacers,IND,2021-22,25,42.5,-17.5,1,0.8626672156473557,-3.0772727272727276,-0.1860026471782194,0.0573464312558063,-0.206060606060606,65.94068921983356,73.17674481280932,72.87972846435645,31.01641585181304,63.23806463232434,Investigate
1610612755,Philadelphia 76ers,PHI,2021-22,51,50.5,0.5,0,0.005796316028735238,3.614942528735632,0.0847178579618455,-0.0091127832948132,-0.2913793103448276,36.24471570200411,14.578967811857762,50.09335329603118,21.713484988370897,27.441897922024346,Above Win Gate
1610612756,Phoenix Suns,PHX,2021-22,64,51.5,12.5,0,0.0208014234845009,-2.179597701149425,-0.0572403819023294,0.0,0.1356321839080459,61.95735443701389,45.3059985504593,53.21778533133765,68.27371398219364,54.81217017029276,Above Win Gate
1610612757,Portland Trail Blazers,POR,2021-22,27,44.5,-17.5,1,0.9899689411747842,-17.874723655121592,-0.2242415785605004,0.2375917769291279,0.1750921149594694,100.0,81.45360722755063,100.0,72.57632281254686,87.09670745352963,Investigate
1610612758,Sacramento Kings,SAC,2021-22,30,36.5,-6.5,0,0.12067884077555031,-1.7272727272727275,-0.0140449728282956,0.0,-0.2375757575757575,59.95021181953224,35.95630061355738,53.21778533133765,27.580085235261727,42.53213672264928,No Action
1610612759,San Antonio Spurs,SAS,2021-22,34,28.5,5.5,0,0.08884555607570378,-0.0486366985998526,-0.0451469930989363,0.0540862243770886,-0.1176123802505527,52.50144797279417,42.688370085558226,71.76192564999675,40.66058164884582,50.06013908855064,Above Win Gate
1610612760,Oklahoma City Thunder,OKC,2021-22,24,23.5,0.5,1,0.7987822698534112,-4.987068965517241,-0.2256913211500407,0.1244707288976751,0.4235632183908046,74.41520122308111,81.76740574431506,95.8941357112699,99.66896933334465,86.70262355126516,Investigate
1610612761,Toronto Raptors,TOR,2021-22,48,35.5,12.5,0,0.009792952611819998,1.7080701754385963,-0.0386937665122981,0.0227504726234368,0.0815438596491228,44.70625328547469,41.291561475642276,61.01807018212379,62.37606298852685,50.13670188148198,Above Win Gate
1610612762,Utah Jazz,UTA,2021-22,49,52.5,-3.5,0,0.11334677889500673,-2.820402298850574,-0.0084258661706159,-0.013852542060342,0.0439655172413792,64.8008547781531,34.740038259507315,48.46826756233754,58.27861771770544,48.20556331544214,Above Win Gate
1610612763,Memphis Grizzlies,MEM,2021-22,56,41.5,14.5,0,0.004831302058266869,3.1045454545454545,-0.055894219076044,-0.0326898293353714,0.0569696969696969,38.50954691542349,45.01461999728754,42.00966738319446,59.69655984379898,46.049002827398404,Above Win Gate
1610612764,Washington Wizards,WAS,2021-22,35,33.5,1.5,0,0.41130590724454313,-1.9985632183908049,-0.2122160945213882,0.0231090426291836,0.1040229885057471,61.15403371283556,78.85067683006257,61.1410104053916,64.82712906340461,68.96470536835139,Above Win Gate
1610612765,Detroit Pistons,DET,2021-22,23,24.5,-1.5,0,0.08092054480248682,7.9683908045977,-0.0457043486046387,-0.0415397573504836,-0.0284482758620689,16.92676495390601,42.80901035112106,38.97535857698034,50.38280499466149,38.380589845558,No Action
1610612766,Charlotte Hornets,CHA,2021-22,43,38.5,4.5,0,0.017962965595132063,4.990909090909091,0.0006190491349451,-0.002203403810409,0.0342424242424242,30.139014521063075,32.78225552785372,52.46232070222958,57.21843680301678,41.076856616403376,Above Win Gate
1610612737,Atlanta Hawks,ATL,2022-23,41,46.5,-5.5,0,0.05840026309576186,2.3124539425202655,0.0507351965782548,-0.0036700224435505,-0.0593957258658806,42.024366398206745,21.934555496744192,51.95947211111112,47.008375082713854,36.97226491710403,Above Win Gate
1610612738,Boston Celtics,BOS,2022-23,57,54.5,2.5,0,0.03739021117979014,1.3861459100957996,0.0158118308243749,0.0115908314256296,-0.0081061164333087,46.13475701595219,29.493759767250943,57.1918472452961,52.60086144976721,42.98299704910348,Above Win Gate
1610612739,Cleveland Cavaliers,CLE,2022-23,51,46.5,4.5,0,0.0989501300823817,-0.9562841530054644,-0.0544865510110662,-0.0056746918581076,0.0343481654957064,56.52903431579996,44.70992856166742,51.2721460619329,57.229966555806065,50.890200811374754,Above Win Gate
1610612740,New Orleans Pelicans,NOP,2022-23,42,45.5,-3.5,0,0.00505059900453973,1.7236551215917466,0.1174531792262172,-0.0042819198164525,-0.0910832719233603,44.637096790870714,7.493368387049813,51.749675423056104,43.55324701111481,30.98535119982825,Above Win Gate
1610612741,Chicago Bulls,CHI,2022-23,40,41.5,-1.5,0,0.05357991065694274,5.635961680176861,0.0284416415073242,-0.0252180849081218,-0.1991156963890936,27.276664181793137,26.76002214519384,44.57144866262075,31.77367084143058,31.428365595246433,Above Win Gate
1610612742,Dallas Mavericks,DAL,2022-23,38,48.5,-10.5,0,0.34586274692153457,-1.5287878787878788,-0.1003915781728451,0.009037598446022,-0.0833333333333333,59.069457005346514,54.64612657318055,56.31643929834892,44.3982802720369,53.81528594441869,Above Win Gate
1610612743,Denver Nuggets,DEN,2022-23,53,51.5,1.5,0,0.01479523382162107,-3.660280029476787,0.0477838435866603,0.0,-0.0197494473102431,68.52772038136249,22.57337938030288,53.21778533133765,51.331302762993616,43.6447134472599,Above Win Gate
1610612744,Golden State Warriors,GSW,2022-23,44,52.5,-8.5,0,0.4275022516692249,5.872126436781609,-0.0568875848728496,0.0129273936193512,0.0798850574712643,26.22870889498691,45.22963521163737,57.650104355132136,62.195191489056626,47.306655032490085,Above Win Gate
1610612745,Houston Rockets,HOU,2022-23,22,23.5,-1.5,1,0.19386330572264515,1.8548850574712636,-0.031574688498985,-0.0201968742869643,-0.0284482758620689,44.0547782981824,39.7506285283553,46.29303369468172,50.38280499466149,44.04637480884725,No Action
1610612746,Los Angeles Clippers,LAC,2022-23,44,52.5,-8.5,0,0.039381793770097984,0.7361436377829821,0.0865508942103731,-0.0147141573409272,-0.3594067135050741,49.01907103257029,14.182204924353877,48.17285195794121,14.295952880627494,27.97045714396935,Above Win Gate
1610612747,Los Angeles Lakers,LAL,2022-23,43,44.5,-1.5,0,0.11863860299664138,6.152542372881356,0.0302684947592887,0.0497993701711995,-0.1942520265291083,24.984393837290707,26.364597574688204,70.29212392441511,32.30399282451323,36.06194114711909,Above Win Gate
1610612748,Miami Heat,MIA,2022-23,44,49.5,-5.5,0,0.14386806545168165,-1.2512896094325718,-0.0144008568653676,0.0151378626779599,-0.0347826086956521,57.8380887748312,36.03333213886336,58.40799139319019,49.69212572437453,47.600974034024524,Above Win Gate
1610612749,Milwaukee Bucks,MIL,2022-23,58,53.5,4.5,0,0.20520950158287493,1.4008620689655171,-0.0950905868528776,0.0148737461086129,0.0522988505747126,46.06945566993123,53.49872066430519,58.31743571512498,59.18726283265892,54.1143191092651,Above Win Gate
1610612750,Minnesota Timberwolves,MIN,2022-23,42,49.5,-7.5,0,0.08112862197470305,0.1131928181108509,0.0305116815369498,-0.0260605846385081,-0.1954722872755659,51.78334718571479,26.311959505918374,44.2825870643367,32.17093874856465,36.17215840209058,Above Win Gate
1610612751,Brooklyn Nets,BKN,2022-23,45,50.5,-5.5,0,0.03038036189525107,-2.9741379310344827,0.0389362742870348,0.0294943938972797,-0.4905172413793103,65.48303983757438,24.488446333032176,63.330308165833195,0.0,35.55804813389439,Above Win Gate
1610612752,New York Knicks,NYK,2022-23,47,38.5,8.5,0,0.02491570145706438,2.584848484848485,0.0038953227139798,-0.0331322925313418,-0.1054545454545454,40.81564539836777,32.073102194680615,41.85796332756078,41.98624051234223,37.761210725526404,Above Win Gate
1610612753,Orlando Magic,ORL,2022-23,34,26.5,7.5,0,0.020458766841926247,0.7192336035372144,0.0086527256755372,-0.0090932686753878,-0.1295504789977892,49.09410746070924,31.043356635877174,50.10004412803245,39.35888223582479,40.12794941926417,Above Win Gate
1610612754,Indiana Pacers,IND,2022-23,35,24.5,10.5,0,0.04240569418364614,-2.0484848484848484,-0.0957605860128716,0.0236770929955541,0.176060606060606,61.3755554882908,53.643742783512,61.33577359737551,72.6819245774977,60.53614784603761,Above Win Gate
1610612755,Philadelphia 76ers,PHI,2022-23,54,50.5,3.5,0,0.018361489858123692,1.385263157894737,0.0524169429046359,0.0151482441096478,-0.0214736842105263,46.13867413233036,21.570539493765537,58.41155079723707,51.14329643061782,39.76692006954327,Above Win Gate
1610612756,Phoenix Suns,PHX,2022-23,45,52.5,-7.5,0,0.067013851098029,2.6333333333333333,0.0240368381044299,0.0042518324071544,-0.1818181818181818,40.600499184215536,27.713447107969714,54.67557939401756,33.659747095314046,36.872543977897315,Above Win Gate
1610612757,Portland Trail Blazers,POR,2022-23,33,39.5,-6.5,1,0.9896096370694578,-13.17816091954023,-0.3481398902891753,0.053232223403823,0.5097701149425288,100.0,100.0,71.46912070635538,100.0,94.29382414127107,Investigate
1610612758,Sacramento Kings,SAC,2022-23,48,34.5,13.5,0,0.03473554118949209,1.199298245614035,-0.0542749461828538,0.0402724312021428,0.0298947368421052,46.96387309845373,44.664126443613966,67.02569342230137,56.74437621289944,52.012439124176495,Above Win Gate
1610612759,San Antonio Spurs,SAS,2022-23,22,22.5,-0.5,1,0.8111701932568685,0.4738393515106853,-0.1897287202777827,0.059624819541416,0.2008843036109064,50.18301762436018,73.98325778996444,73.66090246116131,75.38863635919725,69.43981440492952,Investigate
1610612760,Oklahoma City Thunder,OKC,2022-23,40,23.5,16.5,0,0.04206268814650662,-1.849122807017544,-0.1046621293451823,0.0301018318595492,0.1897543859649122,60.490908226151674,55.57049248014536,63.53857588902774,74.1750589233332,61.869105599760665,Above Win Gate
1610612761,Toronto Raptors,TOR,2022-23,41,46.5,-5.5,0,0.0710630128632368,2.1790714812085485,0.0366998364424129,0.0159855083857772,-0.0221075902726602,42.61623648715816,24.972525978302638,58.69861735437174,51.07417695301415,40.46681655022987,Above Win Gate
1610612762,Utah Jazz,UTA,2022-23,37,23.5,13.5,0,0.2809535228909021,-4.742424242424242,-0.2748411730125086,0.0058459307356074,0.1627272727272727,73.3296170121244,92.40594994168426,55.22213599738613,71.22809239357214,76.91834905729024,Above Win Gate
1610612763,Memphis Grizzlies,MEM,2022-23,51,49.5,1.5,0,0.0954364789175344,0.0877192982456138,-0.0459744020184331,-0.0244899953792794,0.1214035087719298,51.89638314501763,42.86746373540269,44.82108328849638,66.72225604363062,49.83492998959001,Above Win Gate
1610612764,Washington Wizards,WAS,2022-23,35,35.5,-0.5,0,0.5471329264116568,-5.126436781609195,-0.1619479422348732,0.0555935994584425,0.1908045977011494,75.03363066947239,67.9700751689099,72.27874810050818,74.28957129498906,71.50842008055788,Above Win Gate
1610612765,Detroit Pistons,DET,2022-23,17,29.5,-12.5,1,0.9446345523183949,-2.2328666175386873,-0.2475014267232581,0.0309224260494389,0.367870302137067,62.19372942943495,86.48822917099041,63.819926898036925,93.59635777836807,78.51729448956416,Investigate
1610612766,Charlotte Hornets,CHA,2022-23,27,34.5,-7.5,0,0.8763076897626251,0.6439393939393945,-0.2457438006320726,0.0910486958124916,0.1545454545454545,49.42821728364946,86.10778890220081,84.43497252499549,70.33596809889056,75.28294714238743,Investigate
1610612737,Atlanta Hawks,ATL,2023-24,36,42.5,-6.5,0,0.9844238262299325,1.156228956228956,-0.3095584626580243,0.0,0.8252525252525252,47.15498836120066,99.92054879215863,53.21778533133765,100.0,80.04277425537111,Above Win Gate
1610612738,Boston Celtics,BOS,2023-24,64,54.5,9.5,0,0.030019636550358324,3.742760942760942,-0.0320666796104522,0.0,0.1233670033670033,35.67753546455154,39.85712059263869,53.21778533133765,66.93635041627675,47.109182479488666,Above Win Gate
1610612739,Cleveland Cavaliers,CLE,2023-24,48,50.5,-2.5,0,0.07683584632370177,-9.230969420949902,-0.0010753146735927,0.0071956504439462,0.0456733897202342,93.24704549522765,33.14900259993019,55.68490432611601,58.46483971589045,54.7389589474189,Above Win Gate
1610612740,New Orleans Pelicans,NOP,2023-24,49,44.5,4.5,0,0.014368556656184323,0.5414141414141413,0.0471639190093449,-0.0979498013212524,0.0519865319865319,49.883161882325545,22.707562796221605,19.634467567794005,59.15320842152377,34.817192692817315,Above Win Gate
1610612741,Chicago Bulls,CHI,2023-24,39,37.5,1.5,0,0.20687042391020935,-0.8915824915824917,-0.0422234839028438,0.0239585897758092,0.1248484848484848,56.241927767269395,42.05557302482495,61.43228829871437,67.09788732560182,53.7766498882471,Above Win Gate
1610612742,Dallas Mavericks,DAL,2023-24,50,45.5,4.5,0,0.017463849443864733,2.396632996632997,0.0395063575260411,-0.0258721404653569,-0.2119865319865319,41.650831049139306,24.36505113437891,44.34719751236476,30.370268214512798,33.01967980895494,Above Win Gate
1610612743,Denver Nuggets,DEN,2023-24,57,52.5,4.5,0,0.03993946666731219,6.4653198653198665,0.0077426316764994,0.0199999469833268,-0.0091582491582491,23.596477911530844,31.240347570043497,60.075017972292045,52.48613961847125,39.72766612847623,Above Win Gate
1610612744,Golden State Warriors,GSW,2023-24,46,48.5,-2.5,0,0.10651022405733464,3.00455432661028,-0.0079868489082798,0.0020238539849193,-0.0305790500975927,38.95324661329484,34.645012448201925,53.91168905105669,50.15047088264021,42.46108628867911,Above Win Gate
1610612745,Houston Rockets,HOU,2023-24,41,31.5,9.5,0,0.08759788813274963,1.5502645502645502,-0.037663899617595,-0.0237300541259847,0.0756613756613756,45.40649849380471,41.06864555501317,45.081638677550394,61.73465214781583,46.872016085839455,Above Win Gate
1610612746,Los Angeles Clippers,LAC,2023-24,51,46.5,4.5,0,0.07102519992024973,-6.462589459986988,-0.0697822436783416,-0.003575322405851,0.1132075471698113,80.9626620940459,48.02069952646143,51.99194120666193,65.82858958697729,58.96491838812159,Above Win Gate
1610612747,Los Angeles Lakers,LAL,2023-24,47,47.5,-0.5,0,0.013905992870441173,2.2788461538461537,0.0903399760433162,-0.0155326485846865,-0.1925824175824176,42.173497286004064,13.362053631527788,47.89222197038572,32.4860426661084,29.855173837110755,Above Win Gate
1610612748,Miami Heat,MIA,2023-24,46,45.5,0.5,0,0.12860001237113045,4.725925925925925,-0.0019734421315824,0.03978976031838,-0.112053872053872,31.314848344242307,33.3434033619799,66.86020365666671,41.26666700716695,41.225705146407165,Above Win Gate
1610612749,Milwaukee Bucks,MIL,2023-24,49,54.5,-5.5,0,0.3091900261884082,-1.7554945054945053,-0.0401382983840958,-0.011330661551616,0.1107142857142857,60.07544287481659,41.60423212632156,49.33292592145415,65.55673080595345,51.63471277097346,Above Win Gate
1610612750,Minnesota Timberwolves,MIN,2023-24,56,44.5,11.5,0,0.16012344913231458,-2.43973063973064,-0.1070557174868804,0.0009551567070618,0.1124579124579124,63.11166591082481,56.08858749510103,53.54527278689696,65.7468513567013,58.916193008925035,Above Win Gate
1610612751,Brooklyn Nets,BKN,2023-24,32,37.5,-5.5,0,0.10278233189523006,-1.7936507936507935,0.0239093742613973,-0.0435309478972723,-0.1817460317460317,60.24475723176447,27.741036809185154,38.292653926653905,33.667614152586374,37.53741978587502,No Action
1610612752,New York Knicks,NYK,2023-24,50,45.5,4.5,0,0.11703191295813908,0.1212121212121211,-0.0527478534419617,0.0,0.1554208754208754,51.747762404978246,44.33358539411249,53.21778533133765,70.43142172712808,52.8128280503338,Above Win Gate
1610612753,Orlando Magic,ORL,2023-24,47,37.5,9.5,0,0.01055736145672461,3.4976430976430977,0.0691494454094122,-0.0208525243619008,-0.1255218855218855,36.76521910276562,17.948769321847962,46.06823584403507,39.798149649666385,31.705828648032604,Above Win Gate
1610612754,Indiana Pacers,IND,2023-24,47,38.5,8.5,0,0.06689293371062792,5.1098901098901095,-0.0667074730862268,-0.017131114135068,-0.0434065934065933,29.61104925789966,47.355161755716615,47.34416801020997,48.75178873489091,44.08346590288676,Above Win Gate
1610612755,Philadelphia 76ers,PHI,2023-24,47,48.5,-1.5,0,0.1444441205441,-3.924603174603175,-0.0406440993603109,0.0,-0.0484126984126984,69.7006254385893,41.71371335234019,53.21778533133765,48.205935991841926,50.910354693289854,Above Win Gate
1610612756,Phoenix Suns,PHX,2023-24,49,51.5,-2.5,0,0.008378314060047643,-0.5878787878787879,0.0971089112140262,-0.072175792647977,-0.0925252525252525,54.894275786954694,11.896909521140039,28.471409671188873,43.39601717554277,30.111104335193282,Above Win Gate
1610612757,Portland Trail Blazers,POR,2023-24,21,28.5,-7.5,1,0.932652936058754,-0.5595238095238084,-0.2609435613572121,-0.0241863626811275,0.4031746031746032,54.76845367064246,89.39779528342683,44.925187566890926,97.44584745932056,75.18701585274152,Investigate
1610612758,Sacramento Kings,SAC,2023-24,46,44.5,1.5,0,0.19257503497578246,3.697089947089947,-0.0150618190133814,0.0776995235866225,0.0449735449735449,35.88019551448958,36.176398186022745,79.85804141646486,58.38853045465384,49.29591275153076,Above Win Gate
1610612759,San Antonio Spurs,SAS,2023-24,22,28.5,-6.5,1,0.623854586627784,6.47003367003367,-0.0862532007478941,0.0374462871324428,0.1569023569023569,23.57556091848827,51.585857876230804,66.05671448556008,70.59295863645315,52.67938995859262,No Action
1610612760,Oklahoma City Thunder,OKC,2023-24,57,44.5,12.5,0,0.02919496930128445,0.6719576719576716,0.0024367059790082,-0.0129664468682659,0.0558201058201058,49.30388923826883,32.388821530833226,48.77207641138911,59.57121139792662,44.4849640218502,Above Win Gate
1610612761,Toronto Raptors,TOR,2023-24,25,36.5,-11.5,0,0.8671359588129915,-7.738720538720539,-0.1976195769659394,0.0133834708070516,0.0187205387205387,86.62535423254624,75.69124315413124,57.806476138562424,55.5259705484974,70.2680574455737,Investigate
1610612762,Utah Jazz,UTA,2023-24,31,35.5,-4.5,1,0.8544383781322888,-6.9752747252747245,-0.2495550529619728,0.0272522610389671,0.2697802197802197,83.23764690528564,86.93273902559949,62.56156479695352,82.90086887929611,80.51311172654687,Investigate
1610612763,Memphis Grizzlies,MEM,2023-24,27,45.5,-18.5,0,0.9971330348174371,-3.3791208791208796,-0.2618496846748726,0.1000200662640523,0.3538461538461538,67.2801073916625,89.59392675886184,87.51091939354578,92.0672009180575,85.20921624419789,Investigate
1610612764,Washington Wizards,WAS,2023-24,15,24.5,-9.5,1,0.9752073799701244,-0.5859788359788354,-0.2626356894519144,0.0916398283434257,0.36005291005291,54.885844958126306,89.76405843257066,84.63764972657161,92.74396956289465,82.35911622254679,Investigate
1610612765,Detroit Pistons,DET,2023-24,14,28.5,-14.5,1,0.9428245744309611,0.0582010582010585,-0.1412107146111455,-0.0008536388953686,0.2007936507936507,52.02736710789435,63.48147745709465,52.92510453064404,75.37875181045051,61.458835672635644,Investigate
1610612766,Charlotte Hornets,CHA,2023-24,21,31.5,-10.5,1,0.647566372343453,1.455026455026454,-0.1076054041721941,-0.0854779000560844,-0.0851851851851851,45.829107128746614,56.207567835322166,23.910615325663944,44.196359135380575,45.270243452087094,No Action
1610612737,Atlanta Hawks,ATL,2024-25,40,36.5,3.5,0,0.03577408713923285,3.8996632996632994,-0.0066448113034781,0.0464148142305121,-0.0534680134680135,34.981298410419996,34.354526804152265,69.13168647470758,47.65471751229439,44.095351201145306,Above Win Gate
1610612738,Boston Celtics,BOS,2024-25,61,58.5,2.5,0,0.30957695554150405,0.1124579124579128,-0.094276287391198,-0.002885383942151,0.1294276094276094,51.786608249200185,53.32246457227843,52.22849526140405,67.597183227152,55.65144317646262,Above Win Gate
1610612739,Cleveland Cavaliers,CLE,2024-25,64,48.5,15.5,0,0.010200864277806067,-3.5806878306878307,-0.057965458238444,0.0103714901212531,-0.0722222222222222,68.17453870129914,45.46294219028566,56.77378078742974,45.60980709197486,52.29680219225502,Above Win Gate
1610612740,New Orleans Pelicans,NOP,2024-25,21,46.5,-25.5,1,0.9755162833057013,-1.738047138047138,-0.23306190491822,-0.0011454958992093,0.2381144781144781,59.99802208934385,83.36277741293377,52.82503769672212,79.44811830218154,71.79934658282302,Investigate
1610612741,Chicago Bulls,CHI,2024-25,39,28.5,10.5,0,0.11469874011142296,9.505723905723904,-0.15738689644921,0.0185694348355082,0.2577777777777778,10.105017399067744,66.98283135558611,59.58454894247506,81.59215364413235,57.04947653936948,Above Win Gate
1610612742,Dallas Mavericks,DAL,2024-25,39,49.5,-10.5,0,0.35060441823207705,-10.752747252747252,-0.0856332425584521,-0.0591823366650857,0.0428571428571428,99.9997682431251,51.451667184927075,32.92637900480586,58.15776344133232,58.79744901182349,Above Win Gate
1610612743,Denver Nuggets,DEN,2024-25,50,51.5,-1.5,0,0.08539493306100535,-5.413468013468013,-0.0027184352712167,-0.0416485029328805,0.0471380471380471,76.3073003788286,33.504658017739885,38.93807379028599,58.62454217282358,48.17584647548359,Above Win Gate
1610612744,Golden State Warriors,GSW,2024-25,48,43.5,4.5,0,0.0522044278120415,9.098316498316498,0.0174530706537382,-0.05324398926453,-0.2444444444444444,11.912843226319165,29.13851144397985,34.96241588342181,26.831141382936437,26.39668467612742,Above Win Gate
1610612745,Houston Rockets,HOU,2024-25,52,43.5,8.5,0,0.0368617386676539,1.2794612794612794,-0.0881020644927382,-0.0510213254372489,0.1457239057239057,46.6081584002304,51.98604664423515,35.72448405085279,69.37408922972769,51.135764993856235,Above Win Gate
1610612746,Los Angeles Clippers,LAC,2024-25,50,35.5,14.5,0,0.0006499082883277605,5.01984126984127,0.1276520121754659,-0.0201942939627604,-0.2531746031746031,30.010631140296635,5.285818801838926,46.29391839119465,25.87922745298518,22.55108291763087,Above Win Gate
1610612747,Los Angeles Lakers,LAL,2024-25,50,43.5,6.5,0,0.06749951108517727,1.178205128205128,-0.0349989981635939,0.0031083518473796,-0.1484615384615384,47.057471500779634,40.4918244492374,54.28352274380137,37.296869219785144,43.92430247256819,Above Win Gate
1610612748,Miami Heat,MIA,2024-25,37,44.5,-7.5,0,0.04869115324518863,4.040338321405335,-0.0042733256333811,-0.0280560568708632,-0.1761873780091086,34.357068381877355,33.84121589559956,43.59841438441755,34.273715380239125,35.98232598754663,Above Win Gate
1610612749,Milwaukee Bucks,MIL,2024-25,48,49.5,-1.5,0,0.01888617769859199,3.0520494469746255,0.0500592342295324,-0.042686053971728,-0.1230969420949902,38.74249220946728,22.080868355280643,38.58233640477329,40.06255920953282,32.309824906866936,Above Win Gate
1610612750,Minnesota Timberwolves,MIN,2024-25,49,51.5,-2.5,0,0.2133172256536172,5.012362637362638,-0.0519374860548442,-3.608319805775348e-05,0.0802197802197802,30.04381675425842,44.15818040432574,53.20541375436708,62.23168879189295,46.759456021833984,Above Win Gate
1610612751,Brooklyn Nets,BKN,2024-25,26,19.5,6.5,0,0.2430248056058811,-3.3042328042328046,-0.1620559409983581,-0.0189553402248324,0.0301587301587301,66.94779974709282,67.99345163038552,46.7187092178621,56.773161361403226,61.28531471742584,Investigate
1610612752,New York Knicks,NYK,2024-25,51,53.5,-2.5,0,0.4785696420862154,-5.408730158730159,-0.1336190385248898,0.0,0.1555555555555555,76.28627666643378,61.83825009189854,53.21778533133765,70.4461069007031,64.72533381645434,Above Win Gate
1610612753,Orlando Magic,ORL,2024-25,41,47.5,-6.5,0,0.016190615185724837,4.177197802197802,0.1003706024819647,-0.0177212216182578,-0.0799450549450548,33.74976939913347,11.190912546637774,47.14184225910804,44.7677293847103,29.60823322724547,Above Win Gate
1610612754,Indiana Pacers,IND,2024-25,50,46.5,3.5,0,0.07925212807046433,5.136629798308393,-0.0799103950645696,-0.0148131838684636,0.0674040338321405,29.49239481407682,50.21295000285223,48.138899471091676,60.83429294993958,47.77829744816251,Above Win Gate
1610612755,Philadelphia 76ers,PHI,2024-25,24,50.5,-26.5,1,0.9716493247170499,-7.0780423280423275,-0.2234573347557609,0.0975350779471138,0.2354497354497354,83.69366690666526,81.283856718402,86.6589099850455,79.15756165359036,82.41557039642103,Investigate
1610612756,Phoenix Suns,PHX,2024-25,36,48.5,-12.5,0,0.17418988155709075,-3.579365079365079,0.0047081123604718,0.0082755436089892,-0.0092592592592592,68.16866913692495,31.897172903956296,56.05515924060403,52.47512573828998,48.09865998474631,Above Win Gate
1610612757,Portland Trail Blazers,POR,2024-25,36,21.5,14.5,0,0.18903335875821345,8.025589225589226,-0.1712633056395059,0.0514922515843987,0.288080808080808,16.672953214437374,69.98639671494527,70.8725495472196,84.89631769850861,62.48292277801123,Above Win Gate
1610612758,Sacramento Kings,SAC,2024-25,40,46.5,-6.5,0,0.2210285024778885,-0.8747474747474748,-0.0578011933730882,0.0,-0.0806734006734006,56.16722422068876,45.42738686379042,53.21778533133765,44.688312450143265,48.98561914595011,Above Win Gate
1610612759,San Antonio Spurs,SAS,2024-25,34,35.5,-1.5,0,0.5010861447198693,-3.485897435897436,-0.1652920010030764,-0.1134910010412018,0.09,67.75391668814544,68.69390068732001,14.305972342878093,63.29809866306911,56.54915781374653,Above Win Gate
1610612760,Oklahoma City Thunder,OKC,2024-25,68,57.5,10.5,0,0.042133214421308504,-0.1759259259259256,-0.0775987600831952,0.0561857906358351,0.1023809523809523,53.0662800021265,49.712593847428785,72.48178827229899,64.64808569099998,57.92426833205661,Above Win Gate
1610612761,Toronto Raptors,TOR,2024-25,30,29.5,0.5,0,0.4835072162447814,5.01952861952862,-0.1579894292877319,-0.0303015841127628,0.1536700336700336,30.012018491875992,67.11325030885007,42.82850720855639,70.24051447065301,55.4615081577571,No Action
1610612762,Utah Jazz,UTA,2024-25,17,28.5,-11.5,1,0.9064414156299314,-6.640211640211639,-0.2150745012812725,0.0587067467726105,0.3026455026455026,81.7508410988074,79.46938239064453,73.34612969889986,86.4844143265485,80.10402998110897,Investigate
1610612763,Memphis Grizzlies,MEM,2024-25,48,47.5,0.5,0,0.07908061263230788,-7.75,-0.0578622713544931,0.0190629728822788,0.078042328042328,86.67540560875527,45.440607265888076,59.753764651231165,61.99426503780254,59.86092996591303,Above Win Gate
1610612764,Washington Wizards,WAS,2024-25,18,20.5,-2.5,1,0.7206537851550648,2.890211640211639,-0.1923406969449648,-0.009238912643472,0.1568783068783069,39.46062978274727,74.54862326235833,50.05010826706554,70.59033628402904,61.83966417171171,Investigate
1610612765,Detroit Pistons,DET,2024-25,44,25.5,18.5,0,0.014628263098099734,4.342087542087542,-0.0731469130028871,0.0460784601340169,0.0131986531986532,33.01808920628084,48.748986224433025,69.01636325453462,54.923878431922155,50.89126066832074,Above Win Gate
1610612766,Charlotte Hornets,CHA,2024-25,19,30.5,-11.5,1,0.5534720244835422,-9.814102564102566,-0.1148884546490799,-0.0289002101410503,0.0994871794871794,95.83463506220743,57.78399281838884,43.308985849275885,64.3325561785546,63.80883254536312,Investigate
1610612737,Atlanta Hawks,ATL,2025-26,46,46.5,-0.5,0,0.02396789668300328,11.782967032967033,0.0618616946677113,-0.0058362712667691,-0.1041208791208791,0.0,19.52621168285333,51.21674653531898,42.13166004022988,26.480165988251102,Above Win Gate
1610612738,Boston Celtics,BOS,2025-26,56,41.5,14.5,0,0.08045562296961896,2.306878306878306,-0.1403123731074372,0.0523968085869582,-0.015079365079365,42.049107671766365,63.28703036459324,71.1826882595235,51.84051645165583,58.32927462242644,Above Win Gate
1610612739,Cleveland Cavaliers,CLE,2025-26,52,56.5,-4.5,0,0.18644198065120968,0.1124579124579128,-0.0970890820824937,-0.0485804453058369,-0.0053872053872053,51.786608249200185,53.93129734608229,36.56137041478811,52.897324478571406,49.82157956694486,Above Win Gate
1610612740,New Orleans Pelicans,NOP,2025-26,26,30.5,-4.5,0,0.0908757723272093,4.167582417582418,-0.0308329493614399,0.0116941933200354,-0.0093406593406593,33.792436617084334,39.590078205237894,57.2272861670463,52.46625008393146,44.53322585570758,No Action
1610612741,Chicago Bulls,CHI,2025-26,31,33.5,-2.5,0,0.493611780137264,-4.163636363636364,-0.1715215111892936,0.0336653211006249,-0.0009427609427609,70.76130908068208,70.0422856148978,64.76036286476149,53.38193520654657,65.79763567635716,Investigate
1610612742,Dallas Mavericks,DAL,2025-26,26,41.5,-15.5,0,0.3979182438309411,-6.001322751322751,-0.0436208096271131,0.0421676001250649,-0.0886243386243386,78.9158415060722,42.3580258484338,67.67547585468571,43.82136273873311,55.02574635927173,No Action
1610612743,Denver Nuggets,DEN,2025-26,54,53.5,0.5,0,0.006259922279543529,3.426262626262626,0.0813868603583265,-0.0373203945993762,-0.0867340067340067,37.081962140267514,15.299966225556505,40.4220200108852,44.027479639268,30.426278848306744,Above Win Gate
1610612744,Golden State Warriors,GSW,2025-26,37,47.5,-10.5,0,0.7966957395419305,-7.280808080808081,-0.2554921720802593,-0.0062148099382497,0.3955555555555555,84.59341776555291,88.21783555695178,51.08695980457894,96.61508621136309,81.74622697907971,Above Win Gate
1610612745,Houston Rockets,HOU,2025-26,52,52.5,-0.5,0,0.019783115219540008,0.5673389720234221,-0.0032716582416191,0.0264843938810914,0.0236824983734547,49.76812328093922,33.62440379109633,62.29829191211578,56.067009796403596,47.07644651433026,Above Win Gate
1610612746,Los Angeles Clippers,LAC,2025-26,42,49.5,-7.5,0,0.12714711237954074,4.568783068783069,-0.0352002587778039,-0.0172807976487571,-0.2552910052910052,32.01215259189643,40.53538754980287,47.29284714037279,25.648460439663666,37.20484705430773,Above Win Gate
1610612747,Los Angeles Lakers,LAL,2025-26,53,46.5,6.5,0,0.005084436411533481,5.197089947089947,0.0615070568185621,-0.0170546299879328,-0.0743386243386243,29.224109514154783,19.602973469293516,47.370391559236786,45.37904007865335,32.235897618126394,Above Win Gate
1610612748,Miami Heat,MIA,2025-26,43,37.5,5.5,0,0.009625277538414861,-0.2568681318681318,0.0346245419325878,0.0532733285640183,-0.0703296703296703,53.42545219133192,25.421725956099344,71.48321412602483,45.81616605581045,44.313656857073184,Above Win Gate
1610612749,Milwaukee Bucks,MIL,2025-26,32,43.5,-11.5,0,0.6045292282483147,-7.948601171112557,-0.1486689354192919,0.0,0.1711125569290826,87.55667659188354,65.09581826778982,53.21778533133765,72.14240209686868,68.62170011113392,Investigate
1610612750,Minnesota Timberwolves,MIN,2025-26,49,49.5,-0.5,0,0.1497885354371691,-4.967032967032967,-0.0600359553548954,0.0129771492848971,0.1423076923076923,74.32629367040519,45.911103766551044,57.667163709046335,69.00159415385399,58.563451813281524,Above Win Gate
1610612751,Brooklyn Nets,BKN,2025-26,20,19.5,0.5,1,0.8208314814745064,-7.701366297983083,-0.24726367552675,0.0486272765608654,0.3713728041639558,86.4595988733291,86.43676764025973,69.89025693098071,93.97826154118972,84.64033052520381,Investigate
1610612752,New York Knicks,NYK,2025-26,53,53.5,-0.5,0,0.013860965220328807,0.5030303030303029,0.0501625951184214,-0.0327650903202199,-0.0457912457912457,50.0534859685294,22.058495767306177,41.983863210697216,48.49177240606972,36.929222623981744,Above Win Gate
1610612753,Orlando Magic,ORL,2025-26,45,51.5,-6.5,0,0.4886656260374026,2.3266102797657773,-0.1506784216334569,0.0305650087637933,0.156929082628497,41.96154919943617,65.53077396131295,63.697381899312,70.59587274051324,61.463270352377464,Above Win Gate
1610612754,Indiana Pacers,IND,2025-26,19,37.5,-18.5,1,0.9371176333299704,-1.6195286195286205,-0.2663984738834377,-0.0050115274232878,0.173063973063973,59.472109121416175,90.57851762141924,51.49952030510252,72.35517946545383,72.8967688269622,Investigate
1610612755,Philadelphia 76ers,PHI,2025-26,45,43.5,1.5,0,0.10317200553231934,-1.294973544973545,-0.0835817266820342,0.0407982938151007,0.1539682539682539,58.031931462693734,51.007614120760216,67.20599201395459,70.27303164071195,59.50523667177614,Above Win Gate
1610612756,Phoenix Suns,PHX,2025-26,45,30.5,14.5,0,0.028325047600493227,-0.967003367003367,-0.1487461984869473,0.0175648198142623,0.1692929292929293,56.57659965595065,65.11254195115669,59.24010408364501,71.94399460535368,63.59715644945255,Above Win Gate
1610612757,Portland Trail Blazers,POR,2025-26,42,35.5,6.5,0,0.07164779837360676,5.271978021978022,-0.0407529950062728,0.001773634104942,0.0749999999999999,28.891801869585088,41.73728394510023,53.825898027219154,61.662537456152855,45.57096104863152,Above Win Gate
1610612758,Sacramento Kings,SAC,2025-26,22,32.5,-10.5,1,0.8838018460921466,1.520604395604396,-0.1954033910812961,0.143680338413004,0.2796703296703296,45.5381121872722,75.21154706981065,100.0,83.97926088385627,75.98809344214996,Investigate
1610612759,San Antonio Spurs,SAS,2025-26,62,44.5,17.5,0,0.0036093508076484016,6.858465608465608,0.0305678618313608,-0.0006169931773867,-0.0917989417989418,21.851936660168448,26.29979921402604,53.00624148280898,43.475212218750826,34.18659775795607,Above Win Gate
1610612760,Oklahoma City Thunder,OKC,2025-26,64,62.5,1.5,0,0.07586899264674914,-1.6222527472527482,-0.0589334973730106,-0.0138482173199424,0.0697802197802197,59.484197140354624,45.67247541831424,48.469750353819755,61.09338612041276,52.07845689024313,Above Win Gate
1610612761,Toronto Raptors,TOR,2025-26,46,39.5,6.5,0,0.00947624005933495,3.9542087542087545,0.0346617792650266,0.0511583283771638,-0.1031649831649831,34.739258919498724,25.413665890973398,70.75805978791514,42.23588846311732,39.712107790495594,Above Win Gate
1610612762,Utah Jazz,UTA,2025-26,22,18.5,3.5,1,0.9813891892728511,-2.416208791208791,-0.3462647546398434,0.1398390856174201,0.4263736263736264,63.00729027972597,100.0,100.0,99.97540895149871,92.59653984624492,Investigate
1610612763,Memphis Grizzlies,MEM,2025-26,25,39.5,-14.5,1,0.9819400599310637,-10.75797007156799,-0.3020191425021941,-0.1063624853823182,0.4489264801561483,100.0,98.28865393069792,16.75007333466583,100.0,82.66547623921234,Investigate
1610612764,Washington Wizards,WAS,2025-26,17,20.5,-3.5,1,0.7783088552431261,-2.8119713728041624,-0.25842619631248,-0.0813061920494511,0.2039037085230969,64.7634434656015,88.85290860982639,25.34093773279156,75.71786446202066,68.70561257601331,Investigate
1610612765,Detroit Pistons,DET,2025-26,60,46.5,13.5,0,0.004092264922625656,0.5549772283669494,-0.0283824157063593,0.0502042114746993,0.0396877033181522,49.82297716686694,39.05965726582865,70.43092884240212,57.81217595082303,51.23707929834988,Above Win Gate
1610612766,Charlotte Hornets,CHA,2025-26,44,27.5,16.5,0,0.002134712063861425,8.923905723905724,0.0243146213007018,-0.0389702570308165,-0.0754208754208754,12.686771968894561,27.653320603029385,39.85634398547431,45.26103421956847,30.622158275999222,Above Win Gate
